equipment_units,customer_id
1,C531599
2,4013245
1,C528031
1,310480
1,E00323
3,310340
1,E00308
2,E03987
8,C511657
2,PUZ073
1,C511660
2,C506340
1,450750
1,E06734
2,C507732
1,C506358
1,C506355
1,C507737
3,C522593
5,451310
9,C522582
1,C506335
6,450650
1,C506385
3,C506329
1,C506370
1,541030
3,4009942
17,4028133
1,E01375
2,E01824
1,C501135
1,349831
4,346870
4,346870
3,344610
1,344620
1,C521122
1,E01838
3,342054
3,342054
8,110060
8,C505221
1,140040
1,140050
2,4008441
1,340407
1,E05194
4,541220
1,C504325
10,540050
6,C521101
3,340266
5,140030
3,C502132
1,4030210
1,E06241
1,340860
4,E00621
3,E05189
3,E05189
2,C511511
1,4029393
1,340778
1,4015098
1,C504323
1,C501143
1,341739
1,550039
1,E02342
1,340779
1,C502138
1,140170
2,340364
1,540340
1,340243
5,E06233
3,541150
3,E07633
9,347540
1,C530734
5,540100
2,E01829
2,C527372
1,E07750
1,E02334
2,C527081
1,340386
1,C525032
0,349001
1,340196
1,342057
2,E02302
1,C503727
2,E01842
1,C527763
1,340774
1,340774
2,340802
3,C527770
1,4030168
2,341744
1,348990
1,E07740
1,4020429
1,347760
3,341741
2,E08869
4,C529431
1,4029294
1,E08871
1,541260
5,340781
2,C502147
2,341057
1,340878
1,E08865
1,E08859
1,550029
1,E01828
1,E01372
21,340235
2,340166
1,E08410
1,E06237
1,341036
1,C525022
1,E08404
1,E08404
2,347610
1,4012035
1,340238
2,340367
2,E01835
5,340842
1,349800
3,140235
1,C529711
1,C504344
20,340161
1,340242
1,C521665
2,E02322
2,C503720
8,E01817
8,E01817
1,E01367
1,E01367
2,E05191
1,4030226
5,341024
5,341024
2,C528415
1,C527760
1,349860
2,4010015
2,E00658
3,C514556
1,E07749
6,540240
1,C529755
4,C501107
1,E02331
1,C529713
6,E03170
2,540250
2,540250
2,541190
2,E01643
2,140248
1,C504334
1,C506708
2,E00673
1,E00705
1,C504211
1,320010
5,340383
6,140010
1,E00643
2,340782
2,341049
3,140230
4,140250
1,C505207
1,E01369
1,E01371
2,540970
1,550011
8,349790
1,540370
14,345200
1,540080
1,C504352
7,340387
1,C502141
1,E00704
2,540010
8,C529464
12,349370
18,348980
2,E01816
2,E01816
1,E00683
5,E01368
1,E00702
2,340273
5,340867
1,E01848
5,340859
1,340192
1,C527774
1,C529436
1,347560
1,343940
1,343940
1,347700
1,340372
1,540270
1,C504326
2,E02330
2,E08864
2,342046
2,342046
3,340362
1,C506687
1,140060
1,C529465
1,4030234
1,C521078
2,340858
1,C519242
0,C504306
3,348830
1,060666
1,060666
1,C515287
1,610120
14,610080
14,610080
1,530031
1,530030
1,610410
1,610410
1,530360
3,610330
3,069936
3,069936
1,C529630
1,E05238
3,E05239
1,E02775
1,311370
16,C515162
1,C505018
7,010400
7,010400
3,011040
4,011210
1,4014609
1,E04986
3,060120
3,011220
2,E06406
1,069966
2,012330
3,110290
1,C504890
1,C511229
1,C514510
1,073110
1,E06402
1,E06402
1,C515169
1,310010
1,C505034
0,E00840
0,E00840
1,012780
1,C511190
4,E06955
1,E06995
13,340600
1,C506434
1,C531630
1,C511222
5,310230
1,C524679
2,E06970
1,4015884
15,010060
1,4015244
1,069962
1,069962
0,C503532
6,011130
6,011130
2,C522972
10,311120
10,311120
1,C524685
1,E06407
1,010070
1,C515164
1,C527036
1,010080
2,E04999
1,310290
1,C519495
2,012450
1,073250
0,E06919
4,C514614
2,E01024
1,012890
3,C501068
2,880070
1,C530634
5,E04979
6,010370
1,C531823
2,310700
1,C500972
11,010100
2,4024928
3,311460
1,C520506
2,310280
10,310040
1,E07346
1,C525249
60,010130
60,010130
1,4020787
1,C520479
1,E08474
1,C514190
1,C528481
2,4020778
2,012490
3,010560
1,4026428
2,4016373
1,310050
2,010150
2,E02774
2,E02774
1,015440
1,E05014
1,E03767
1,460440
2,E01022
1,E02785
10,460410
1,E03775
1,890136
11,311280
11,311280
1,C520481
1,C503187
1,4017180
1,C522680
1,C530878
7,065470
5,4010251
3,310670
1,E05017
1,C511184
2,065371
2,065371
1,310250
0,E02598
0,E02598
1,C529352
1,C522908
1,E00477
1,E03768
10,E07342
0,310150
1,E01223
0,061115
0,061115
2,012940
1,C501004
1,E06962
1,311540
1,311540
2,E01228
2,310790
1,E04814
1,C529306
1,E02171
1,311560
1,C506420
2,4011190
1,E03770
1,4008396
6,E06994
1,C525398
1,011240
1,C525257
1,E06986
13,C524672
0,E07331
0,E07331
1,4023023
1,012880
1,4017203
5,061810
1,010260
1,010260
1,061820
14,061840
3,E05744
3,061850
1,061860
1,E01225
1,E00468
2,E04649
0,311140
1,C503572
2,061890
1,C506424
1,4024918
1,C501450
3,010360
2,311230
5,C515624
1,E01006
11,4030571
1,C522912
1,E02796
1,311450
1,014930
3,310300
2,C515662
2,010300
1,010310
5,012810
5,E05710
1,310130
1,011150
1,011160
0,C531551
2,311490
1,015480
1,4007626
1,012930
1,C505035
2,010330
2,010330
1,C530633
1,C500973
1,C530338
2,015230
2,C500997
1,E03653
1,E03653
1,4015189
22,010390
1,E00221
1,E01727
1,E01727
1,E00226
1,E00231
2,C524791
1,E00252
6,010090
5,C524823
2,E01054
1,311500
1,015210
1,E00294
1,311410
1,E04980
15,310120
1,E04657
2,E00352
2,311610
1,015110
1,E00392
3,014920
11,012480
1,015260
1,E00407
2,010350
1,E00413
1,E00421
5,010540
1,E00235
1,310030
5,012670
1,310140
1,E00382
1,E00382
1,310170
1,E00844
4,C530931
1,460460
2,C527311
1,E07351
1,343930
1,C512695
1,4022971
2,310210
1,C519498
2,E01018
5,069970
10,010510
6,C500949
1,E02790
2,310720
6,4015886
1,C515639
1,C503570
13,C526477
2,C530879
1,460450
1,C500954
1,E00611
1,E00612
1,360140
1,E01356
1,360130
1,4013829
1,C516314
1,060462
1,060040
2,730170
1,730110
2,500150
1,4021216
1,064100
1,C509588
1,C521947
1,C531501
2,065327
0,680100
0,680100
1,380960
1,C515724
1,4021249
1,C531613
3,061089
1,380470
1,C528851
2,E03580
2,150080
0,061081
1,341803
1,C519180
1,E00601
2,E04840
2,060429
1,680190
1,060545
1,069937
1,069937
1,4032269
2,064040
1,C507768
1,4012911
1,4018263
1,C509584
1,C524364
11,060240
2,E02485
1,4028641
1,E07554
1,E07554
1,500240
1,380260
1,C513524
2,060943
1,061071
1,C508046
1,4021653
3,C528680
1,C504897
1,4028607
2,060275
1,680150
1,500230
1,4010600
1,C507764
3,500220
1,4029645
4,C528263
0,065730
1,4019285
1,C527444
2,500160
7,360120
1,C504537
3,E00529
0,4028497
1,C529088
2,C530497
1,C513077
3,500110
1,E02357
3,C504592
3,480050
1,060326
1,380360
2,060036
1,C502477
1,E08185
2,650330
1,4021526
1,C526701
1,E01506
1,E01506
3,C527639
2,C504595
2,C508056
1,060460
1,E03126
1,E03167
2,E03313
1,C512449
2,C526323
1,C530351
1,C503049
1,670290
1,422450
1,4014355
1,C523417
1,E01004
1,C531076
1,4012916
0,341796
3,060142
1,C510311
2,E05562
2,E00606
1,E06463
1,C515108
1,060464
1,061082
1,C504922
1,E09114
1,C528224
1,067560
11,341910
1,E06854
1,C527966
1,4007790
2,060140
13,060630
1,C504554
1,C504948
2,C509587
1,C504553
1,060624
1,150060
1,4025730
1,C513495
2,680010
0,C528259
1,422180
1,380430
1,C516348
6,4009807
2,C527157
9,420040
2,C526587
1,340208
1,064770
1,064770
1,C514631
4,060937
1,4011128
1,C529886
1,C506252
1,C523934
1,730150
1,C521612
4,650310
1,E00531
2,E09274
2,E09274
2,E04061
0,4013796
1,E03303
1,E03303
19,4007044
1,4016552
1,E06471
1,C528920
2,060223
1,066680
1,066680
2,060402
1,4017882
1,680170
7,C504008
2,C502435
2,061077
1,650050
1,C509553
1,4030633
2,C514617
1,680090
1,C521959
1,4030743
1,E04055
1,E06459
1,E00533
2,065277
1,C520982
3,061060
2,060497
1,C504598
1,C504243
1,E01200
3,420080
1,E08186
1,670270
1,C512260
1,060511
2,C528681
1,4018954
1,C528219
1,500200
1,065410
1,065410
1,064120
2,060457
2,060313
2,380370
1,E02382
1,380410
2,140360
2,E00522
3,380340
1,464370
1,C502445
1,C526400
1,C529473
1,E04058
1,150030
1,C530498
1,500060
3,060431
3,060431
1,C531082
1,065276
2,500090
1,341880
1,C515068
1,680180
1,C509556
1,C523933
2,C512587
3,061260
1,060748
1,060748
2,E00492
2,065273
4,067240
1,420100
1,060369
1,067260
1,C502479
1,E09111
1,C503041
1,680110
1,E06470
1,420110
1,C513082
1,E04824
1,061380
4,061390
1,670360
1,C513644
9,E02365
1,064180
7,160540
2,422620
1,060215
3,210250
3,C512581
1,C520777
4,611030
5,066050
2,E01194
2,E01194
1,E06870
1,067430
1,067430
2,C519161
1,C508415
9,260480
1,4028298
1,E03158
3,067290
1,061145
1,C513409
1,4031082
5,065320
1,680240
1,210260
1,464320
1,464320
1,C526727
1,C508411
4,E03392
5,066220
1,680120
16,060367
2,C508179
1,480030
1,500070
1,E02381
4,422280
2,C513408
3,061540
1,422270
15,420260
2,420270
1,650200
1,4031892
1,060264
5,411510
6,060289
1,C523931
0,069946
0,069946
4,4010450
1,E03129
1,4030042
2,C502446
1,C508178
1,C513078
6,E00521
2,C519091
1,C514636
2,422430
1,C523937
1,4028335
0,069920
1,C529896
0,E02192
1,C520986
16,C514451
2,065372
2,065372
1,380400
2,E06843
1,4019423
1,C528846
3,C524833
1,420650
2,061012
1,C503143
1,500190
1,C508163
1,E03776
15,E03582
15,E03582
2,E02507
1,4017762
1,E06850
1,E01508
1,C513081
1,C520953
1,C520901
3,E09267
1,060762
1,4031184
1,060461
1,E05205
1,C521639
5,4025738
1,C512454
1,C526588
1,4009954
1,500010
1,E02490
1,C515094
1,C529622
1,C516345
4,061940
2,E03140
2,C529879
1,061950
1,C531223
1,C520981
12,061910
2,067370
1,E07036
2,E02349
1,061960
2,E04112
1,C504535
1,500180
4,069070
4,069070
2,062010
1,422250
1,030810
1,C528055
1,C529895
1,C529225
1,060692
1,060439
2,C501652
1,C524314
1,4030034
1,C529885
1,C526734
2,422530
2,E04842
2,065324
5,065389
5,065389
7,060054
1,420240
4,380940
3,422400
1,069980
1,380160
1,E02479
2,4024755
1,140410
5,C526691
1,C521215
1,C525918
2,420170
2,C530892
1,C508218
1,C503050
0,4017122
1,E06454
2,C517292
1,4028638
3,C528140
1,4007938
1,C504580
1,422230
1,C503139
1,4017157
2,C517204
2,380280
1,062230
1,C528715
1,C503003
4,060052
1,E02384
1,E03578
15,380170
1,C520679
1,4023897
1,C522689
4,230450
2,060695
1,380230
2,C529621
2,C524311
2,380310
1,E04070
1,C503072
1,E01207
2,E02478
1,C504002
1,C518484
0,066470
2,064090
7,380190
1,4015363
2,C527158
1,4017358
2,E02364
6,380350
1,E06849
1,422300
3,670280
1,420020
1,E04849
2,420030
1,150120
2,E04056
1,611060
2,422240
13,E06858
1,650040
1,421980
1,C509586
1,500210
1,422520
4,422420
1,C504572
4,C503048
14,420130
3,E04843
3,E04843
21,420150
2,590810
29,C509579
9,490010
3,500040
2,680030
1,E06856
2,420180
1,C510395
14,420190
1,060303
13,420280
3,420220
1,380460
1,422050
6,680040
1,420210
1,066870
2,422370
1,E02388
1,E06848
1,140310
1,500020
1,500050
1,590840
2,660012
2,660012
1,380220
2,380290
3,680060
1,067340
2,060537
2,060263
1,C515132
0,066070
0,069720
1,680130
1,240026
1,4028318
13,064110
1,C504232
1,E06845
1,4012743
1,4021113
1,E06458
5,060527
1,611070
1,C530891
1,C528847
3,670960
1,4012673
1,C508226
2,C529222
3,500080
8,060514
1,C502462
1,C502475
1,C516403
3,670160
3,C510286
1,065358
1,C516408
1,500140
1,E06361
1,340206
4,4031093
1,C513464
1,E04819
1,E04819
1,680080
1,060046
1,4028306
0,1001035
1,1000560
1,E04062
1,C515134
1,380380
2,670200
3,061046
4,066590
1,C531822
2,141240
2,140280
1,141120
1,4011193
1,C526875
1,4019297
2,060377
5,C521609
1,E02494
1,C523416
3,065353
2,670210
1,670220
1,4018953
2,230500
2,C527629
2,C523397
1,060505
1,670230
1,4031225
1,E02269
1,E02269
1,066910
1,064190
1,C504608
1,E02477
1,E03521
1,670240
1,E03740
1,100930
2,E03728
1,C506793
2,C508835
1,E06168
2,170520
1,101840
7,E03630
4,067375
1,E03753
1,E02732
1,101410
1,C519728
2,352180
1,067390
2,352270
7,4010365
1,E07576
3,E04873
1,E03331
8,170300
1,E08619
2,E01486
1,101990
1,C514064
1,E03745
1,E08624
1,E06185
1,E06174
1,C514971
4,C527681
2,E04497
1,C503750
1,C520294
1,101150
1,C506193
4,170090
1,067380
7,100220
5,352070
2,E01534
1,353160
2,C518852
1,C531871
0,1001585
1,358301
1,E04493
11,E03320
11,E03320
2,E01969
3,350430
1,E06197
1,100550
1,350470
1,C514063
1,C508925
1,C505793
12,350420
12,350420
5,350530
1,352800
2,E04096
15,170160
0,E05712
2,E08603
1,C522469
1,C519594
3,100560
1,C508849
5,452070
4,350520
1,E03329
1,C505857
1,C524299
9,101200
9,101200
3,101180
11,C526591
2,C508781
1,C519663
4,170070
2,350630
1,C506288
1,C513204
2,E08779
1,356250
1,341171
10,100320
1,E07991
2,E02772
2,630070
1,C508151
1,E08002
5,353640
1,C506818
1,C505760
1,C520308
2,C520289
3,E07992
1,E06190
2,C513178
1,C512097
2,170200
3,310220
3,310220
37,358200
37,358200
1,350820
1,350820
2,E01481
5,352390
7,170210
1,E01547
1,C514067
1,E05738
1,451110
1,E06500
1,355030
1,101170
1,4010979
3,C510576
3,4012097
2,357480
1,C519656
1,100390
1,350910
1,341159
1,C508836
1,170040
24,350970
1,C502483
2,350980
2,C514086
4,163000
1,C522822
7,630040
1,E03731
1,C506817
1,101350
1,C530980
6,E07574
1,C506755
1,E01548
2,C522512
2,101300
1,E06482
3,C530519
2,E05694
5,356690
11,340391
1,E01539
1,C506786
1,E06492
2,341154
2,352160
2,E02449
1,E03633
3,C506788
3,355150
28,351140
32,354850
6,170410
1,E01551
17,062040
5,062070
1,062110
1,101140
1,E03760
0,353150
2,355210
1,C527599
1,E03717
1,C506794
1,C522826
3,E01483
1,C528553
2,C511341
1,100460
1,E05695
3,100470
3,C529722
1,C511337
7,100480
2,C519855
2,099890
18,E03709
18,E03709
2,C505855
1,C519661
1,355040
6,C503745
1,E02392
6,100810
1,100580
1,E08565
1,450020
1,E05690
1,C530930
5,170400
5,170400
3,101100
2,100210
1,170280
5,170080
17,E06507
17,E06507
4,100750
2,350620
1,E08596
1,E04504
1,170490
1,C501077
1,100380
3,311160
1,E05696
3,770200
1,E03746
1,E08587
1,352280
1,E06178
1,E06179
4,630100
1,341165
1,E05725
2,C527567
1,E04501
2,4006917
2,E08613
1,354970
0,E02288
1,352250
1,C519793
1,C501080
1,C508970
1,C515178
1,E01484
1,C506281
1,E07993
9,010480
9,010480
1,E08567
1,358140
2,358230
2,C519748
1,E08607
2,E08576
3,170020
3,170460
1,E08635
5,100740
4,450810
1,E02447
1,E01076
4,E03908
1,C511495
1,E01672
4,4013879
1,C509496
11,E03991
1,130130
1,C524915
1,4022060
1,630210
1,C507173
2,C522083
3,630200
2,C522074
1,C530883
1,C511464
1,C514107
2,C526908
2,630170
1,C527882
2,4015770
4,211070
2,4028788
1,C528783
20,C514038
1,E06819
1,C527526
1,C528661
1,C529991
5,650130
4,211020
4,440510
7,E06818
10,130090
3,4011176
2,E01078
1,4019397
1,C524916
1,C528659
1,C515399
2,C528482
1,C507636
5,E04025
2,343490
1,C530066
3,C523474
1,C523458
6,210070
1,C529765
9,C503167
1,E05427
2,C524922
1,4020710
1,C528790
1,C526451
2,C527564
2,C528741
1,E04050
1,C514102
1,E04026
1,4020665
1,C507635
6,C515325
1,630800
1,C527616
2,C526460
1,C517196
1,211140
1,C524624
2,C501103
1,E04930
1,C504699
1,220050
2,C523577
3,E07722
1,E02908
8,230760
1,210650
2,C526702
1,570030
1,4013764
1,E04015
2,E07535
3,E05374
9,210230
1,E04044
1,C516686
1,C526711
1,C524655
1,C509848
1,4015882
1,E02919
1,C527618
6,E07929
1,C507143
1,C525557
3,E02928
1,E02915
1,C522104
1,E06600
2,470110
2,E03240
2,C514120
1,C513093
1,570260
3,C520169
1,C524418
1,C531473
1,4013997
3,C517184
1,210190
1,C511494
1,C503713
1,C507639
2,E01462
2,4018279
1,C507144
1,630840
2,220070
2,4011078
2,560070
2,E04918
1,4020657
2,E02739
2,E02739
1,C526713
1,211030
1,C507633
3,C509326
1,580017
1,C526955
2,210940
2,210350
1,E07704
2,E07703
2,239998
2,239998
1,C530078
1,C523541
1,C507644
1,C531525
3,210130
2,210880
1,630250
1,C503707
1,C528753
2,E07739
1,C511473
1,C530884
3,E07693
1,C516687
4,630230
3,210590
1,343570
1,343620
3,343640
3,343720
1,C528781
1,211120
10,210090
5,220010
1,220020
1,E03912
1,220040
2,580010
2,210270
1,E01075
2,220060
1,E03910
2,C527525
12,630120
6,630110
1,E01667
1,E01667
2,C526948
3,130070
1,210690
1,4020684
1,C531391
2,E06275
1,210420
2,C521745
2,063490
1,C530531
1,E06605
2,4030101
3,C527615
5,E02906
5,E02906
19,650140
1,C524603
1,E02941
1,210110
1,E05428
1,E01688
1,C509328
1,C530076
2,630830
1,E02913
1,4011315
1,E02942
1,E04010
2,E04558
1,E04556
0,E04554
1,C507789
1,C530180
1,065365
6,341095
1,C507776
3,065364
1,341097
3,C530148
16,064690
1,060381
3,160950
1,4030932
1,4031008
1,C501346
1,358250
1,031120
1,480690
1,C521165
1,030030
1,4008459
5,E07973
1,E07976
1,200840
4,356840
1,E04300
4,C515209
2,200150
1,030590
1,C526866
4,030780
1,C521175
1,4009582
5,E07970
1,E03175
2,350770
1,200200
4,341414
4,341414
2,450440
1,200280
1,C531641
1,030670
2,E07978
1,440060
5,E07653
1,E07971
1,030060
1,C504488
1,C501344
3,030500
4,350240
1,480920
2,C523865
4,481700
22,350260
8,200050
1,C501987
2,4027395
3,201120
4,E01723
1,C507689
1,C504840
1,481737
3,450060
3,E07990
1,030050
1,E07129
1,E03180
7,030890
1,C529617
3,E06798
1,E08466
1,357660
1,C504738
1,201270
2,E07111
1,640300
1,C501351
1,200710
3,C526715
1,E06650
28,481470
1,E06706
1,450420
1,C531286
2,C531645
10,451130
1,C517484
5,C523867
1,4018493
3,430540
1,E04316
1,481570
14,450100
1,C513295
1,480780
1,C523870
1,481800
0,359968
1,453010
4,E07979
1,E03608
1,E03608
7,C517057
1,C501214
6,481723
2,E09315
1,E07783
1,C501299
5,E06000
1,4010639
3,E06019
107,430720
107,430720
5,430710
5,430710
1,C504747
1,351460
1,C504182
1,C525093
1,E01707
0,4009926
4,E07987
3,430140
3,430140
3,C524564
1,201240
2,C504846
1,030640
1,C517037
4,C504831
2,031130
1,E07117
1,C501358
1,C527796
3,430150
1,4018479
1,640100
1,E07963
1,E01696
1,481753
1,C504197
1,450600
1,E07127
1,C527675
77,353070
1,E04310
1,C505042
2,E07661
1,E08468
2,030150
4,430450
1,C528721
1,E03722
1,4007108
1,069420
2,C531242
1,430440
1,C524328
1,C524593
5,E07972
7,357500
6,430190
18,C501152
3,430200
1,E07531
2,450490
1,E07988
4,354410
2,E07981
2,C527788
1,450290
1,450290
1,C529619
2,E07079
1,C528112
1,C521580
1,E06918
1,C501991
1,C524571
1,481780
1,430210
2,E07989
0,C504717
3,C512778
2,200860
2,C526687
4,430220
2,C524662
2,C501219
1,E07779
2,E06707
1,C507673
1,C504487
1,E07245
4,E07075
1,480870
1,C525092
1,C515233
1,C529672
1,E09236
1,C527777
1,451160
1,C531149
7,640050
1,C504852
1,C501992
1,C504839
2,E01933
1,030610
1,030680
1,E06719
3,090520
1,E07781
1,030920
8,340011
1,E04301
3,200190
0,031180
0,031180
4,430250
1,C528730
1,C501356
1,C526684
1,200600
1,030560
3,030220
3,030230
2,430270
2,480670
2,480670
1,C504864
0,E08653
10,E06651
10,E06651
1,E06897
1,E07657
1,C501287
3,C504745
2,430290
1,450590
2,481840
1,450520
1,E05464
1,E07977
1,452030
2,E03174
3,C528852
1,C501259
1,C504867
1,4018401
1,E01702
2,E06802
1,E07656
3,460030
1,E06542
2,030040
9,030020
2,040010
11,040060
1,E09233
7,101010
21,101450
2,E07776
1,C521516
1,C521176
1,E06720
1,C501924
1,E03181
1,481770
1,C525095
3,C513796
2,481540
2,031140
1,C521859
1,C527527
1,356920
1,C505944
11,358240
1,C501872
2,356890
1,E07958
22,450210
1,450260
1,E06646
2,C526976
1,C508602
1,450300
9,450320
1,640060
1,C526857
1,E06813
3,440090
1,E07662
14,430310
1,354420
3,430330
1,C529203
4,430130
1,430570
1,C529662
1,E07137
2,C517451
1,200510
1,030180
16,430110
19,430280
2,4018398
6,E04299
6,E04299
50,069400
50,069400
2,480970
1,450340
1,E08469
1,E07533
1,640340
1,030630
1,069500
22,E03317
7,C522538
1,E08460
4,640140
2,450410
2,450410
1,430380
1,C513280
1,C529648
3,C521342
1,E07074
1,430480
4,069410
1,E06704
1,E07101
1,C507308
4,C505637
1,481510
2,200270
3,200260
20,430740
1,E03724
2,E06143
1,090570
1,E08467
1,E06709
1,C529198
1,C527905
1,C513028
1,C512930
1,341446
2,E01245
1,340921
1,340917
1,C514367
1,C512936
1,C520549
2,341430
1,C527901
1,C520134
1,C512897
10,C520132
1,341455
1,C514368
2,C528688
1,C512935
1,4007922
0,E01280
1,C513027
7,C514345
2,340912
1,E01233
1,220320
0,C510006
4,E01240
1,C512939
1,220350
0,340887
1,C520153
0,C520152
1,C510036
1,C528563
1,C506215
0,E05758
1,220640
3,E01254
2,340913
1,C512942
1,E09130
1,340706
2,C514358
1,E00329
0,343880
1,E00328
2,C526512
1,220340
1,E01256
1,C512902
1,C529845
1,320460
1,E05546
2,E06531
1,C529844
1,072560
2,320410
2,320410
1,320070
1,E05558
1,E06541
1,072510
1,160010
1,030330
1,150310
2,C526201
19,320050
10,072500
10,072500
1,E08024
1,450120
1,C518359
1,065220
1,C527611
1,C522966
1,C505198
3,065261
1,C522928
4,C518137
1,C530130
5,163390
3,C522917
4,370028
1,480120
2,370021
1,C522965
1,450180
1,C527613
1,C518368
3,065160
1,065210
2,C526107
1,E08022
0,C505189
10,450110
135,480080
3,E06397
1,370017
1,C531040
1,C531047
1,E08337
1,E08125
1,C519716
1,C531681
2,E08054
2,E01025
3,530010
1,E01575
1,C528690
1,4017381
1,C527839
1,4025457
1,4030771
1,690120
2,C528348
1,E08050
1,4017475
1,530017
1,C523983
1,4010335
1,4017728
1,4019802
1,4020972
1,C501610
1,C529307
1,341195
1,E08275
3,4012160
2,E08397
1,530027
1,E08396
1,4025488
1,C527866
1,341205
1,C510475
2,530420
1,C522266
2,E02973
3,530012
8,C530714
2,C527197
16,4016080
1,4019796
1,C528574
1,E08403
0,E02960
7,060930
3,C522294
2,C527804
1,C528294
1,250260
23,250250
23,250250
23,250250
1,340283
1,C510482
2,C510127
1,C530689
1,C531550
1,C508146
2,C522217
1,610940
2,C508142
4,530480
6,C526025
1,4007859
1,E08316
1,4027264
2,700030
3,C524027
2,C511427
1,C520340
2,C524373
10,670530
2,C528271
1,080030
1,4020977
1,E08384
1,E08334
0,E08975
1,4013113
1,E08202
1,C531151
3,C511289
4,E01577
1,C519715
1,E09125
3,E08769
1,4028395
1,4019726
1,E09124
1,341203
0,530038
1,C528340
4,060931
0,539999
0,539999
1,C528297
1,E09122
1,4033098
1,4021260
1,530020
1,E08314
1,C527648
1,C527190
2,C519697
5,160770
2,C524780
12,530120
2,4021503
3,700050
2,530080
1,E08116
1,530041
1,530270
1,E05430
1,E08296
2,610071
1,E08778
1,E06645
3,E01026
1,E08388
2,610046
5,530110
3,690090
4,610550
2,E04658
1,530160
1,610630
2,530130
2,530200
1,E01663
1,530025
4,290020
2,610480
8,700040
1,E05539
1,530070
1,080130
1,E08121
1,530150
12,530040
1,080020
1,610510
1,610054
1,610054
7,341222
2,080100
2,080100
1,C526846
1,C531035
1,610047
1,610047
1,700060
3,C529897
2,C508707
5,C527370
1,E08120
8,611110
7,E06639
1,E08380
1,C508143
1,C527852
2,530490
1,4020952
1,C510446
1,C510442
1,C531682
1,E08964
1,4019324
1,E08955
1,E08963
6,E09368
25,350160
1,E02680
1,4031710
5,064940
1,4023598
1,C512875
1,4030659
0,4027895
1,E09380
1,E02675
1,4022953
1,4030464
1,4023747
1,C508083
1,4032357
1,E09379
2,4027983
1,4021754
0,4023551
4,101050
1,4024456
1,4017976
1,C528389
1,1000897
3,C508065
1,4029745
1,349495
1,4024454
1,4023632
1,4024484
1,C508080
0,E08954
1,4019332
1,4028580
1,4027982
1,4029073
1,4029267
2,4022314
1,4027917
2,E09370
1,E08962
0,353320
2,E09385
2,E08961
1,170750
7,4017892
1,4017151
1,064970
1,C508060
1,101030
1,4029050
1,4022012
1,4023722
1,E02679
2,4031744
1,E08970
1,C508082
1,4032762
1,4022530
1,4030709
1,4022304
0,4011949
1,4029235
2,349540
0,4024899
1,4023721
1,4029255
1,4022303
1,4031875
1,4023761
1,4018213
1,E08956
1,4015591
1,4024549
3,349616
1,4029265
1,4024396
2,C527147
0,4029201
1,4028588
2,E06259
0,1000516
1,4028582
1,4018001
1,4023731
1,C506870
1,C506906
2,E08470
1,C506864
2,342051
2,342051
2,064570
1,381060
11,062720
1,381240
0,065270
0,065270
1,E05489
7,064610
1,065304
0,C526092
1,060737
1,060737
0,E02222
0,E02222
1,064810
1,1000257
0,381020
0,381020
2,E02233
1,381090
1,E05493
5,349460
0,061640
0,061640
1,381050
1,381080
1,4008326
1,065296
1,381100
1,348970
3,065297
1,C526101
0,064800
0,064800
2,064540
29,E06678
1,064590
0,062710
0,062710
1,C515977
1,E01782
4,E07577
1,C531431
1,060656
8,4007843
18,E06997
6,4010383
1,E00986
1,E05778
1,E01775
1,E01769
1,4007850
2,060636
1,E03120
4,349992
1,010020
1,349991
1,E04204
3,060979
3,4014692
1,349993
1,C501589
1,C530707
19,E04197
64,ZENGEL
36,350810
36,350810
2,E06249
1,E06252
0,349970
2,C531529
1,380920
1,E01710
2,4025150
0,341062
1,C510623
0,064020
0,064020
2,440540
0,C522625
0,C526165
0,E08113
0,E08113
0,4016364
1,C529340
3,430020
1,4016321
1,710130
1,C529763
1,E06892
1,420520
5,010410
1,330180
1,4025617
2,012060
27,010430
1,4007445
8,010420
5,160770
1,E00182
3,010610
3,010610
1,C516959
3,271330
1,C526791
1,420340
1,420340
4,010840
1,C523929
9,010440
1,013460
2,680270
2,680270
1,C513376
1,349130
1,4015206
2,C503168
1,C524326
1,341308
1,380020
1,430040
3,270780
11,012120
1,C527885
3,4022478
1,E03805
1,C520644
1,510210
0,331280
1,E09981
1,C503655
1,C521585
1,013780
0,E08033
0,E08033
73,E09898
2,E09952
1,610036
1,C521089
1,E01435
0,339983
0,339983
1,510290
0,4013156
1,C513368
1,230690
1,015770
1,E08040
0,E01466
0,E01466
1,C521361
3,020210
0,060605
0,060605
1,382920
1,380050
1,C520674
1,C531625
1,E03800
1,720010
1,E03216
3,410780
4,430050
2,011600
1,C518118
3,510310
3,510310
1,E06154
1,420510
1,C528141
1,4026056
3,410910
2,012950
2,650380
0,019941
1,690070
14,421220
1,E03207
1,C529917
2,011560
16,014400
1,710070
2,E00962
1,E00818
1,012310
3,E04664
1,420470
1,500460
3,010890
9,4009711
1,E01708
1,E01708
1,330170
2,421900
1,C515806
3,C520364
1,421300
1,C526939
2,E03806
0,429992
0,429992
3,010780
2,012510
1,C530254
4,631070
1,650420
3,011550
1,E06874
3,E04505
2,014910
1,C523918
1,4010226
1,421590
1,E03259
1,270860
0,279994
8,270140
1,380030
2,440330
2,340829
2,C528104
9,332380
2,C520625
0,1000719
5,E08429
1,C530514
1,E03428
1,E03822
3,510180
2,C510096
2,C520667
9,E07563
1,011610
2,014620
2,014620
1,4007091
9,C511378
3,013270
1,C520575
0,1000590
1,C528749
3,020230
1,C515444
1,4028841
1,C513311
1,382950
2,500430
6,050030
2,510010
2,510010
1,060117
1,4025030
1,019972
2,E03825
2,340814
3,C526767
1,013730
9,C505811
1,4018417
1,C531285
1,380010
1,380010
1,E03200
1,340815
1,C513344
2,014840
2,014430
1,E08475
3,C526771
3,C515765
1,332180
1,C530788
2,4022571
1,4031932
7,069840
1,E03794
2,C512071
1,4028070
2,C527310
1,E04080
1,E06872
1,011420
1,271530
1,E06158
7,013130
1,C513390
8,270190
1,E04479
0,1000794
1,E03820
5,380790
2,4020588
2,C528646
6,630860
1,E00923
2,014860
1,410840
1,332390
2,C516606
7,440530
1,C502714
1,100170
1,E00734
1,C508986
2,050040
5,E02398
5,E02398
1,020190
1,C528575
1,4017481
2,421570
1,011770
1,010180
1,E09078
1,332230
1,4027879
2,383100
0,389987
0,389987
1,E07068
1,E03848
1,4021818
2,E02396
1,440440
1,100180
1,C528643
0,011670
1,4020530
1,014090
1,500260
4,010820
1,E08489
1,C521733
5,E01314
1,C528180
1,4021118
1,500580
4,010670
1,060617
1,E09205
1,E00797
0,1001556
2,440180
0,332160
0,332160
1,C531741
1,C528454
1,010990
1,270450
1,C513402
1,E01524
1,E09075
5,4025627
0,E06152
1,E07056
1,C528044
2,C510701
2,383070
2,382900
2,382900
1,C511408
1,E02399
1,380530
1,389998
1,E03437
1,E07061
1,4031959
1,4025525
1,C529920
0,1001611
0,E09916
1,380770
1,C514283
10,420390
1,C513331
1,E03840
1,230730
1,069660
0,C527131
1,420570
1,421420
1,4025901
7,E05469
7,E05469
1,E05673
1,C513321
1,500310
1,380590
1,E06439
4,420460
1,E05823
1,E01973
1,012140
2,C531126
1,4020517
2,E05822
1,C530849
1,E03838
4,270730
1,380560
2,C529467
1,4017812
1,C522316
4,421780
3,C522036
2,E04476
3,E00788
1,C525110
1,4019715
2,C527308
1,C513343
2,E03839
1,C502700
1,380760
2,C508084
2,C529760
1,E03251
2,E04446
2,E04446
2,C525553
8,332100
8,332100
0,1000317
0,C511368
0,339991
1,510220
1,012610
18,E02221
1,500490
1,011720
1,010680
0,E02343
0,E02343
35,PUZ540
2,014190
0,4010238
1,C522416
5,330120
2,420400
1,C520595
1,330930
1,4028553
1,163270
4,163600
1,C529285
2,420490
1,E03808
8,C518114
20,610230
1,630880
2,C504447
1,C515809
2,C515762
1,C527140
1,E04458
1,510090
2,C522490
1,510140
1,014380
0,019923
1,E09222
1,4029587
1,050060
1,014640
1,230740
1,421360
5,C512151
3,170890
1,4025811
1,4021860
1,020200
7,380490
7,380490
1,013500
1,E01441
1,E03841
5,C531376
0,339992
0,339992
1,500440
1,015720
1,E03249
1,4022472
2,010830
4,E03789
3,014780
3,014780
1,C520382
1,C515814
1,270280
3,020080
1,510080
0,E00161
1,C528651
1,013420
3,380520
2,440450
1,4029596
1,C529284
4,011260
2,015630
7,C525112
0,E01515
1,710110
44,C525050
3,012500
1,C513360
1,332290
6,420610
6,420610
1,4010229
1,015840
3,230710
1,E03807
1,420480
1,380820
10,010980
1,380510
0,349944
1,E05837
1,E03187
1,E07916
1,510280
1,4022501
1,E07921
1,420550
1,C513364
1,4029578
6,4026304
1,013110
1,410900
1,500320
3,630900
1,332480
2,510100
1,E00185
3,421920
2,C513369
3,C528448
0,C522297
1,460760
2,460720
4,420350
1,013870
1,380930
1,4027412
2,610032
1,011580
2,011630
1,720000
1,4016336
2,E01851
1,E04484
4,E09044
1,013850
1,E03214
0,500250
0,500250
0,700071
0,700071
4,4031058
1,E04079
2,C511626
0,330150
0,330150
1,4018874
1,331310
1,4031949
1,C529468
0,344451
0,344451
1,E03245
1,E07891
1,C531116
1,E05658
1,C528901
1,500360
1,C521721
1,690020
1,272170
1,E00908
1,E08488
2,500610
1,E05476
4,380650
3,270240
5,C526295
12,380120
4,270300
7,710010
14,380130
1,015970
11,380140
5,330110
12,510020
8,E08041
1,271830
1,E06896
3,010320
6,C505812
1,E00169
1,014700
2,330140
7,330160
3,332980
1,331000
1,E00793
4,510070
4,510070
1,440490
1,272180
2,020050
2,020070
1,500710
1,E01525
1,380070
20,330090
1,500330
1,E05674
1,421700
21,020130
21,020130
1,4031930
1,C531623
1,500410
3,631000
2,380040
3,421530
1,270790
1,421250
5,C527759
1,C527183
0,270220
2,011510
1,710050
3,349100
6,380090
1,421550
1,500350
2,C523927
1,011790
1,4027466
1,C522986
1,C527130
4,380710
1,011430
3,C528456
0,4017681
1,4032626
1,421600
4,014290
1,341307
1,C512179
1,C528903
13,C525336
2,4025708
1,E00735
2,500380
1,4028101
1,015940
1,E03192
1,010520
1,010520
1,C521100
1,4017379
1,E00954
1,272280
1,E08492
1,380630
5,380810
0,062670
1,C531571
2,E00130
2,E00130
1,380550
1,272150
1,E04507
1,272160
1,710020
0,E03244
2,010530
1,C506624
1,421960
1,380580
1,710090
0,C521787
2,E04457
0,1000767
1,C522071
2,341638
10,346910
1,E02708
1,344250
21,344560
1,4020984
4,670040
1,670490
1,880030
1,E02236
2,C527213
5,880020
1,340970
1,670090
2,C515062
19,347410
19,347410
1,C504923
26,670390
1,790060
1,C527217
1,C515063
6,C504997
12,670470
2,800040
1,E02702
15,C519210
1,790040
3,E02710
1,C525378
1,E09248
1,E02714
4,E02241
2,166750
1,C527101
1,C528524
1,C526656
5,670510
9,C525363
1,E02706
3,E06139
8,E09259
1,C523501
1,E09249
1,800180
1,800130
3,C524251
1,E02707
2,E06142
5,C523499
5,E09246
1,800010
2,C528520
4,341746
4,341746
1,670030
2,C527215
8,344180
6,780190
1,E02240
1,E02182
1,890230
1,E03372
1,E03344
1,E02136
4,E03340
1,348020
1,E02149
1,E06599
1,C523663
2,201560
5,160440
1,073010
1,031170
1,072990
3,356390
4,C526904
2,073030
1,356490
9,C528709
1,C523636
1,E06593
12,060126
1,060135
1,201700
1,C523637
1,E06592
1,C514869
1,C514882
1,060133
7,260640
1,C530456
2,C527438
2,C513749
1,4028928
1,C529603
2,770320
3,E03879
1,260560
9,160120
9,160120
4,C527872
2,260870
8,C527087
2,770320
2,4010680
1,E01465
2,4018043
1,C518702
22,250130
1,E01443
4,260120
1,100130
2,E06395
0,C529595
1,C531674
1,063280
2,168780
2,590230
5,063640
3,4013429
3,160480
3,C505871
1,C502597
0,161150
3,250140
2,590260
3,C505455
7,C528945
1,450010
2,E00835
1,C517082
1,260020
1,260890
1,C524985
1,160560
8,163260
8,163260
1,110170
3,162480
1,163250
1,163250
3,E05029
1,C502679
1,C531969
2,C518690
2,E01709
2,E01709
1,E06379
1,4028912
1,348385
1,C502512
1,260050
2,260060
1,341107
5,160011
8,260770
1,C530451
3,C526299
3,C524756
1,C502513
3,E08874
1,C529001
1,160780
6,164000
1,166270
1,C518629
2,C523253
1,348520
6,062730
2,440630
7,260450
2,4016301
12,770260
1,C508712
1,C502543
2,063670
1,E03871
7,C523257
1,C508684
1,C508662
1,C523290
1,C502517
2,4008377
1,E06432
1,C502569
2,160050
3,C527543
1,030410
5,030470
1,C531653
1,101620
1,C524040
3,161080
2,162720
3,345180
1,E01430
10,260730
2,170960
3,E03239
2,163050
2,C517207
3,C508654
1,C525021
2,C513737
2,4027202
3,C527315
2,110230
2,C514312
3,260220
1,590090
5,C521977
13,260810
1,E03862
4,E06430
1,C529023
1,E05127
15,E04561
2,E03864
0,E08731
1,E03878
7,063210
1,C513814
1,162820
1,C508678
5,440580
5,440580
1,166600
1,C511287
1,E05130
1,4007237
2,C508609
4,030350
2,161070
1,4024313
4,344640
1,4014879
1,260620
1,C527710
4,C519089
1,C512142
1,110090
2,4007951
1,C527443
1,4028914
2,166170
1,168790
3,C520161
1,030400
1,C525621
1,C511269
1,030480
5,260190
3,E05042
1,348470
24,110100
3,340503
1,161780
1,C515011
1,C524774
1,C520230
3,E02471
1,E06393
1,C524074
2,161100
23,160400
1,160570
1,E02237
1,E04563
1,E06371
1,590060
1,C528905
8,161520
1,C524043
8,161630
8,C502494
1,C514403
1,C508347
4,E06519
2,C520237
1,161180
1,590100
39,4017917
1,C518692
1,E02597
1,590390
0,E08661
1,4014317
5,260610
1,110130
0,C524755
1,162800
1,C512117
1,160720
1,260860
14,063110
1,260140
1,163320
1,C512118
1,C518707
1,4010186
1,4013169
1,E06388
2,260490
1,C528960
1,4011878
3,C502682
1,C529782
1,E05138
3,E05290
4,C503676
1,340507
1,C525001
1,E03702
1,E02032
2,C524396
3,E02062
1,C528211
1,E05273
1,E05273
13,C526411
22,C531844
4,C530447
1,E03703
2,E03686
1,C519039
1,C526420
2,E02077
1,C506459
2,C531457
1,E02016
1,074390
4,C506451
27,C531460
2,E03670
2,E03670
1,E05275
1,C518995
7,E02046
1,C531852
1,C531635
1,E05274
2,E02074
1,E02037
1,E03676
1,C530448
1,C521359
1,072860
1,072860
1,070330
1,E02085
1,E02010
1,E02069
4,E02009
4,E02064
1,240029
1,4022567
4,E02209
1,E03413
1,4032687
2,C525651
2,C507016
5,4007378
1,340060
2,C507621
1,670710
5,C527373
9,E01794
1,4032646
2,250017
1,C526593
3,250510
4,550170
1,C523855
1,C503769
1,350130
4,520170
1,350014
1,550210
1,346420
1,E03403
2,C527115
8,340059
1,E03411
0,4010138
10,340125
2,250230
1,C503814
1,250540
4,250545
1,040130
12,C527969
1,E08925
1,250045
1,C507063
5,C502028
1,C503842
1,4017951
2,C507640
1,E09193
1,611140
1,C503863
1,C527103
1,E06314
4,610360
1,4022117
2,670580
2,C507013
0,4010489
3,620230
1,C529678
2,C528355
1,E08948
3,080014
3,C528183
3,C531092
1,C523808
1,E04439
1,E04439
1,550150
3,C528462
2,C527179
4,4022556
1,280290
1,670660
1,520016
1,C531299
6,C501016
1,250050
1,C523761
2,4007093
3,C513263
1,C527123
1,250041
2,C507631
1,C501547
1,340127
1,C508363
1,C531094
1,E01286
1,C525665
0,C523758
1,C509347
1,E06329
2,550057
2,080170
1,060907
1,C506999
1,E08903
1,C507630
1,C503764
3,C526885
4,280040
1,250052
1,E06338
2,C514612
2,C528728
1,650011
2,C527119
13,290060
13,290060
1,E08941
1,C530473
5,E00851
1,250027
1,C510140
4,550130
2,C524978
1,C526888
1,300030
6,067220
1,E08938
1,C507115
2,620000
2,C529857
1,C507100
1,240017
1,E06323
5,E01133
1,E09137
1,4007817
1,C507027
1,C514573
2,C528309
1,4022854
1,050023
7,C528321
1,280100
1,346860
1,C504611
0,610380
1,C529204
1,C529292
1,C523776
0,E00992
1,C513778
3,346290
0,610710
1,060116
0,510054
2,342670
1,C503860
1,C518856
4,C501587
9,350010
2,C507122
3,520200
1,C527435
2,C524929
1,E01795
6,C528093
5,060526
23,250053
1,C509492
1,C504612
1,C507030
2,C513266
2,C524931
2,E01104
2,C527346
1,360110
1,C501048
1,C507000
1,E09180
51,481150
51,481150
1,520070
1,4022028
9,E01560
1,C526468
6,C531888
2,C509339
2,250019
1,E01098
1,C512735
9,611130
9,520380
9,520380
1,4013964
2,C528447
1,C528313
1,C518881
1,240012
1,346830
4,E09189
5,E09179
1,E06336
3,060115
2,C523864
1,E01798
6,530016
1,E09116
2,E09357
1,4027533
7,610060
7,610060
1,C501026
2,240019
7,360070
1,C507131
2,C509437
1,1000919
1,4015691
2,C503751
1,250310
1,C531304
1,670720
1,240200
1,350040
1,E09176
1,E09196
2,C501035
1,610039
1,C521542
1,C501039
1,C529472
2,E03048
1,346800
3,C503659
2,E08888
2,650010
2,550250
5,080011
1,250042
2,611080
2,670560
1,080012
2,040110
1,520330
3,240070
27,240060
3,250030
4,520010
1,610740
5,280170
5,280220
2,520230
1,250530
1,C501539
2,250037
1,E08883
1,E09158
3,520019
1,E01281
7,520150
8,250270
2,620060
2,280021
1,C503840
1,610400
10,610350
1,620080
2,520350
4,520110
2,240020
12,250040
1,E01787
2,520280
1,240027
2,4027490
1,240050
1,520290
1,E08875
1,610044
1,610820
1,C506972
14,010460
14,010460
1,341531
4,250280
1,346470
1,C523814
4,C507119
2,E09115
1,610460
1,4013119
2,610600
1,346440
1,4023988
1,4026363
7,C503961
18,C528392
2,E04441
1,550230
3,E09155
1,250360
1,610070
1,640360
1,640360
2,C501566
1,C501580
1,E09162
2,E09119
1,C524120
4,413930
7,346310
1,E09120
4,C531152
1,250025
1,C527619
1,C523813
1,E03410
14,E01087
3,C527756
3,C519665
1,C501545
10,063610
10,063610
2,E06365
1,E01510
43,C514024
1,162940
1,C507213
2,C524064
1,162960
1,E08993
1,101640
8,162930
1,163620
1,C520167
1,C530365
1,C530374
1,C514187
1,E01724
1,E01724
1,4008128
2,E04971
2,E04971
21,C531611
2,C526625
1,E07937
1,C529745
7,090900
1,C530428
4,150260
12,260650
1,C529743
5,E01295
1,E07304
1,E07304
11,320250
11,320250
2,C518542
1,C529405
5,C530467
1,320130
1,C514184
1,C527563
1,C514185
5,C527561
1,C514149
2,C514182
1,150200
2,320080
1,E01304
1,320340
1,320480
1,260670
1,E01292
1,C514435
2,E07931
4,320280
1,150290
1,E01293
1,C526631
5,E01297
6,320470
1,031150
1,C530414
1,C530436
2,E07930
2,E07930
1,E01996
1,C530352
1,150270
1,C525483
2,C526432
2,4024894
1,4024765
1,061139
11,063840
1,C504444
1,421840
8,067730
8,067730
1,060063
1,4027603
2,4027596
152,344800
152,344800
94,063340
94,063340
1,065040
8,C524709
2,065570
1,061059
1,344870
1,E06606
1,E06606
15,344910
18,421810
1,C528434
5,C525212
3,E02436
3,E02436
8,4015185
1,067780
3,C528444
12,061330
1,061340
1,C501147
17,C524821
4,C509260
23,060209
23,060209
81,062830
81,062830
1,060124
1,060124
54,064010
4,067810
52,061580
52,061580
7,061590
4,063520
1,4028709
1,C528433
2,063510
0,063500
39,063850
39,063850
6,063870
13,064980
1,060210
1,C530112
0,C504388
1,421880
2,E05875
9,E07534
9,E07534
1,C501150
2,C504406
1,C524822
2,E05871
2,E09394
1,C528595
12,C526974
1,E06826
1,C507247
15,230560
1,C528622
1,C527254
1,C526592
1,4018190
1,E02901
1,C528596
1,E02905
1,C530318
1,C527834
3,230600
2,C526072
4,C521746
1,C507499
1,345190
1,C507429
1,060600
5,060587
1,C516306
2,C528624
2,130210
1,C529802
2,C526429
20,210310
1,C507515
6,C507204
1,4018146
3,C526051
2,C517144
1,E09482
2,C510302
3,C528589
1,440110
1,E06828
2,C528569
1,C507219
1,E09412
1,C528628
15,C503660
2,4016478
1,C511326
3,C516305
1,C526425
1,C527397
1,C529837
2,C527899
1,130200
2,4012318
10,440100
5,C527037
1,C529812
1,C528463
1,C508390
3,015980
1,C530631
6,E02898
1,4009819
1,C522703
1,4010397
1,4014671
2,E09260
6,130220
2,334380
1,339978
3,C517100
2,C526422
1,C529808
1,C529829
2,C507384
0,650340
2,E05988
1,E06830
2,C507509
1,E06823
1,C527231
23,E05986
1,E06842
3,130080
3,130080
1,C528626
1,C528640
1,C507244
2,C507367
1,C507405
2,C529810
4,130250
5,C531234
2,331520
1,E01154
1,331800
1,331580
2,C528254
1,E01150
1,331620
1,C530013
0,331330
0,331330
1,C531698
2,331570
1,331550
1,C529962
1,C530019
1,331390
4,331810
4,331840
1,090380
1,331700
1,C528250
2,331500
4,331820
11,343434
1,C529967
2,331720
4,C527911
1,C527912
1,460680
2,C512012
1,C529261
1,020330
2,E04053
1,332600
2,460070
1,332570
2,013000
1,E02469
9,020340
4,020390
1,C528218
3,E02452
3,E02452
3,020250
1,C505835
2,C501451
2,C501490
2,330800
1,330220
1,330330
8,331090
2,C502739
1,C502762
1,C501535
1,C529257
1,C505815
1,C524934
1,C510040
2,330390
3,C524686
1,332590
3,330550
2,331020
2,C526166
1,332850
1,E02463
10,E01659
1,330790
1,332740
19,020270
5,461000
1,013070
16,460050
2,330530
1,E02467
1,331080
2,331160
2,460650
3,330770
1,331250
1,330500
0,332520
0,332520
1,013100
1,332930
1,332580
1,330850
5,120040
3,C525934
7,120030
1,E07855
7,E05152
2,162460
2,162460
1,C528095
1,E02878
1,346260
2,163690
1,E06660
5,340130
1,C505889
1,C527263
4,E01880
7,270110
2,E05335
2,E01449
1,C516273
1,166890
1,166890
2,C523138
1,C514226
0,4012374
1,E06795
1,E05351
1,C524139
3,C515048
1,342009
8,100670
1,C526042
1,C509521
1,260380
2,110420
1,C517384
1,4017927
2,4031804
9,260280
1,4032887
0,4023025
1,E01317
1,E01317
1,E01317
13,160270
1,C527805
4,110320
1,170640
1,C527779
1,4016928
1,E06676
2,162090
2,C511857
1,C526903
2,E01460
2,E04243
2,C527818
1,E02170
2,260390
1,110480
2,C515033
2,160380
1,160330
1,E06669
1,610590
2,C510552
1,162010
2,168840
1,E01719
1,C512836
1,E04237
4,E07820
0,1000471
2,C527781
1,E04220
1,C527421
1,C520394
1,E05363
1,E08182
1,163500
3,161090
1,170950
1,E07843
1,1000808
1,C527284
1,E08138
2,C511826
2,E05353
1,E06662
1,064220
2,4027557
1,C505894
2,4017919
1,4013980
1,C526806
1,E07860
1,340228
1,C522846
4,166680
1,E01495
1,4007788
1,C511325
1,C527160
1,C512100
1,166350
1,110500
1,C528187
1,260410
1,C527703
1,E05149
2,260350
1,269999
1,C527807
4,E08011
6,4010086
1,4031812
1,E02896
1,C527919
1,161190
1,C507945
3,C511813
2,C514826
1,E07870
4,4022959
1,180012
3,346220
1,4025798
1,C516269
3,4012976
1,E05938
1,C514327
0,4018130
1,163130
0,E07570
1,4014014
3,4025793
1,101520
4,342003
0,E07690
1,E01496
1,4027171
1,C516247
2,E02649
1,C530626
1,4031814
2,270050
1,C530020
3,E02650
3,C503701
2,C521861
1,C516092
2,110340
3,413160
1,C514608
1,161120
1,C527289
1,C505742
1,C528517
1,4031803
1,C524123
3,770060
1,E08137
2,4017313
7,260930
1,170630
1,C524132
1,E08172
1,166710
1,C512854
0,E00050
4,4007153
2,161750
1,E08602
1,160360
1,163670
1,4010681
4,130270
1,E07863
1,C514441
1,E04223
2,4013954
2,C526086
1,C524561
1,E02988
1,E01881
1,4019265
1,163680
2,162300
1,C511815
1,E07846
3,E02897
1,C526900
1,C530346
1,C514864
2,270030
0,E07808
0,E07808
1,C525429
2,110370
1,C503705
1,C509026
1,E05950
1,C526087
1,4022143
1,C510091
1,163420
1,340217
3,170910
1,E05348
1,163420
1,E09145
1,C528047
2,161610
1,C512847
1,C510153
1,C529264
1,C521373
2,160130
1,C505729
1,C505744
1,C527786
1,4028556
2,4017944
1,E03002
1,C509033
1,346060
1,162220
1,C512870
1,260990
1,4027119
2,341946
2,341946
1,340039
1,C506157
1,110110
2,C519087
1,E08132
2,C529626
1,166660
1,162240
1,770310
1,340134
1,166830
12,340030
1,4019846
2,110390
1,162990
2,E05974
1,C505739
1,C516099
3,064210
3,064210
1,166860
1,E05337
1,E07857
8,260260
18,270010
3,170010
1,E09264
1,110380
1,163590
1,C529336
1,E05975
1,C514770
1,E08183
10,270040
5,161570
2,270070
4,E07853
3,346180
1,C514006
1,C530190
5,270020
1,E00839
1,110560
1,C519079
2,C514858
1,341959
8,270080
3,163400
0,E02875
2,E07825
1,C529354
1,C512783
5,170060
5,170060
1,C514239
4,170550
4,170550
1,E07832
2,C526304
1,162640
3,C515014
1,E01458
2,260360
1,E05361
6,260230
1,C516109
2,162880
8,110510
1,162230
0,163020
1,166340
2,C512400
1,E08178
1,E08170
3,166370
1,C505878
1,C513177
1,160180
1,4021119
3,C518925
6,4014616
1,E06110
1,C513300
1,E06133
1,E06125
2,C529915
1,E06093
1,E06085
1,E06101
5,E06127
3,E06115
1,E06151
1,E06144
2,352860
2,480310
2,359941
2,C512221
1,C511426
1,C513444
6,C516652
2,C526228
1,E07501
1,353280
1,C514045
1,C506237
1,090060
1,E02511
1,E02511
1,E04338
1,357100
1,C514392
1,C504668
1,C530033
0,353580
1,354360
1,356950
1,352000
1,C514047
1,C509196
1,355760
0,C504632
7,E09346
1,E01341
1,C514406
1,E09351
1,C512254
0,489981
1,352930
2,C526008
1,C512007
0,C526168
0,1000780
2,090040
1,E00544
1,C509171
1,E04343
2,E04325
1,357300
1,C525993
1,E04267
3,350290
1,C529238
0,350330
1,C530050
1,E09337
1,101750
1,340760
7,481010
3,C525910
1,E07377
1,E04881
1,E02628
1,C525270
1,4009616
1,C528516
0,010580
0,010580
0,E03592
0,E03592
2,060364
1,E01890
3,352470
1,E02837
1,E02567
1,C531057
1,C504106
1,340766
3,353990
5,101470
7,E01321
1,C527518
1,E09393
1,C514393
1,354450
1,E01891
3,E02153
19,351900
1,C531065
1,353680
0,090710
6,344990
2,C505295
0,C513429
0,356940
0,353550
1,C504148
2,090070
3,C529449
1,354170
1,E04339
2,354660
5,E06680
2,340759
1,351840
4,350580
3,481900
5,C526773
2,E09389
1,C512295
1,354270
1,E08650
8,370320
0,C521941
3,C524948
1,354380
3,C526776
3,E00547
0,E08649
0,E08649
1,352550
1,E00554
2,C512229
2,C514429
2,E04291
3,350640
2,E00535
1,352840
1,C530824
2,483000
1,350650
3,E09012
3,C514246
1,350700
1,E03261
1,354280
1,E06619
1,354810
2,E04903
1,E02689
2,C526233
1,E02575
0,353660
0,353660
1,099800
1,350730
1,C516543
1,E07519
10,C527163
1,E04358
1,C529252
1,C526789
5,E07445
2,C500812
1,C529458
0,355490
1,352030
1,353230
1,C513217
1,350400
1,E06618
5,090110
5,090110
1,E06630
1,C525988
1,480340
1,C525970
1,C517564
1,483150
1,C513261
2,C525999
1,C527353
1,C513212
1,C513230
4,E04876
1,351210
8,483060
1,E07510
1,353880
2,E02648
2,C509497
1,E04289
2,C526253
1,E04280
2,480510
1,4012100
3,E01892
2,E03450
2,E03450
4,E02523
1,353610
1,E02690
10,480230
10,480230
2,359932
1,480194
1,356010
7,4012298
1,C513854
1,C513855
1,E07884
3,C504167
1,352690
1,C512301
1,340689
1,E06620
1,C513450
1,480430
0,068150
0,068150
1,C526500
1,356230
1,340688
2,480270
1,E04319
1,4011542
2,E02207
1,C525356
6,353900
1,C515896
1,C530850
1,090190
1,C526491
1,E04878
1,354730
1,E02682
1,C509518
7,010600
2,4010258
6,C525954
1,C529843
1,C525990
2,060362
6,351170
1,480190
3,C513236
1,351200
3,481310
3,E08433
3,E08433
12,351220
1,E02517
1,353820
6,480200
1,4011541
0,356740
1,C502767
1,C504634
1,C510418
1,356800
1,C509194
1,E02635
2,358040
1,351260
3,E01884
1,451320
1,451320
2,E02834
1,357840
1,C504215
1,481400
1,353200
3,E06624
3,E02636
2,C512272
0,1000500
1,090210
1,E04336
2,099810
1,4007499
1,357230
2,E07883
1,C514378
1,C529901
3,C504213
1,C528743
1,E02639
1,352480
1,353190
1,C514049
0,E09386
0,E09386
1,C513432
3,C529052
1,351830
1,C516429
8,E01344
3,E05689
3,E05689
3,480450
3,480450
6,350230
2,090020
6,350600
6,350600
1,357930
3,E07478
1,E02534
1,355730
21,351660
1,E07490
1,480130
1,099950
7,099940
1,352790
1,351960
5,351330
1,E06635
8,351450
1,E02647
3,E01348
1,E02637
5,E01347
4,091010
4,091010
1,C510415
4,E01335
2,C514039
1,C522172
1,090170
1,C504124
1,C516468
1,E01166
1,4019613
1,E02620
0,C507702
2,480610
1,E09344
1,E08438
1,357730
2,E09356
1,E04276
1,4012798
1,481940
1,C525994
2,4006910
3,351470
2,E02208
0,352620
0,352620
1,351990
1,355770
4,C516469
1,4017375
1,351490
9,356090
2,356970
2,E07871
1,E02581
1,C511413
2,354190
2,099820
1,352710
1,C530045
1,C504849
1,C514268
2,340686
4,E07886
3,C504640
2,481190
1,E09015
1,C529909
3,C529902
1,E04427
1,E04409
1,E04420
1,E04415
1,E04384
2,250180
1,E04397
2,E04393
4,E04426
1,E04412
1,E04437
2,250150
2,250150
7,E04372
7,E04372
0,550620
0,550620
1,C525137
1,066200
1,E03569
1,550580
6,E02666
6,E02666
2,063360
0,E04939
6,4029891
18,E02857
2,090270
2,090270
1,065400
2,E01811
2,E01811
1,E04965
2,580480
1,C527235
1,C507534
2,065650
4,C520114
3,C511310
5,063880
1,4012693
1,550490
1,060165
2,C505417
43,063290
43,063290
1,065660
1,E02859
4,063930
22,060780
1,600330
1,580090
0,660040
1,580220
1,063890
2,050160
1,C513142
2,060970
10,580021
1,600200
46,061030
46,061030
36,C517277
3,066170
8,C506387
1,C525136
23,720030
23,720030
14,061120
1,4032003
17,E06352
1,550480
1,E05319
2,063350
1,E08716
1,C520125
1,550560
6,065890
8,063060
6,069050
1,090330
3,580300
1,060154
93,061370
93,061370
2,E01569
1,E05158
1,063910
1,600520
0,E04934
0,E04934
30,062820
1,066550
1,4014059
2,E08712
2,550420
4,C505326
1,600500
1,4031974
1,E01652
1,E01652
0,E07556
18,4029965
135,063390
1,C527248
1,550390
3,063310
10,130280
27,063630
27,063630
1,061122
1,550570
108,062880
108,062880
1,600090
1,E02096
19,062990
3,050080
1,E02095
57,066580
57,066580
1,610017
11,060485
2,062140
1,062150
1,090280
2,C511291
1,C527234
6,062240
1,E05173
3,E08706
3,580170
52,060489
1,C527610
3,060144
1,C525148
6,066480
1,550048
15,064680
1,E06357
1,E05310
1,580030
1,E00369
1,E00379
4,600270
56,060807
2,E05157
1,580040
1,050100
3,600240
5,660030
1,600260
1,580060
1,580140
4,600250
37,062390
3,064290
4,580250
1,E05176
11,600022
2,4032026
2,062420
1,062430
3,062450
5,062470
2,065900
1,550400
6,E01566
1,4030901
2,C530874
3,550600
1,C525138
2,E00359
1,4031976
10,550320
3,C526878
0,530190
2,421040
1,464450
1,C528874
2,421060
2,421060
33,460100
33,460100
1,464440
11,010450
1,460190
1,C531319
1,060565
34,C527578
1,C523332
2,C515706
2,C514967
1,C514652
2,464400
1,C528115
9,110030
1,C521179
28,060555
3,4027307
1,341495
2,464650
1,4007949
5,060550
1,C507900
1,460340
3,460320
4,421000
1,E00285
12,E09020
1,C528581
3,420850
1,460160
4,464600
1,381580
2,464550
1,E09032
1,421090
1,E06759
1,421010
3,C528500
3,C526716
1,4026537
2,C521275
1,C504250
4,E05763
1,4029622
2,060549
2,060549
2,012040
1,C531806
11,460040
4,460090
1,C527582
2,4014515
1,C530968
1,C526043
0,381290
0,381290
1,381420
2,C507893
1,065530
1,E01386
1,4012640
3,E01389
2,421070
1,420740
1,420830
4,064700
0,010230
0,010230
2,10230
2,C502160
1,C507655
2,C523426
9,060568
1,464520
1,464520
1,C514671
1,C522997
1,C507911
1,4026909
1,E01408
1,C527583
1,C530822
1,C504221
1,4014559
1,4027268
1,C519435
1,C514650
1,C528117
4,E01564
13,011880
1,C519232
1,C507650
1,4030731
1,381390
1,E05776
9,E01315
9,E01315
5,E01383
5,E01383
1,4024171
1,C526503
1,C528505
6,341486
1,381410
1,C530799
1,4006999
1,4025266
1,C504251
1,065520
1,065520
8,420690
1,E01406
1,C507906
2,E01785
2,420980
1,341493
2,460470
1,E00255
1,E00262
29,C515681
4,420950
19,421050
3,E01396
1,C531322
2,421030
1,E00263
1,E00273
1,460620
1,E00277
2,382870
1,381570
1,010220
1,010220
1,E01405
1,460530
1,460520
1,381490
1,C527427
2,420700
5,C530805
4,420910
2,C514647
1,C528113
2,C507860
1,421200
7,062500
1,382850
1,420970
1,062540
5,062550
1,4026984
1,E05574
8,062570
1,460080
4,420710
2,C504249
1,062590
3,4027410
1,4026765
1,C514452
1,C530677
2,E02724
1,E00762
1,E00761
2,C529899
1,C529530
1,C521467
2,E06479
1,C531332
1,340359
1,340359
1,C522456
1,C530317
1,C516689
1,E01190
3,C524303
2,E01174
1,342028
0,E03011
2,E01580
1,341787
2,E02722
1,341734
2,E08658
2,E08658
1,E07610
6,230750
1,413840
1,413840
0,341785
1,410960
1,C528241
1,C529206
0,4012772
1,4018637
1,C531801
1,C522555
1,C512016
2,411550
1,C526564
1,C517078
1,4019150
1,230011
2,C506634
1,C509948
3,410028
3,4024230
2,E01180
1,E01601
1,E02280
1,C513407
0,349032
3,C513751
2,C524160
1,4027985
1,E06308
1,C508426
1,4012794
1,C528244
1,4024235
1,E05102
2,C529541
1,E00768
1,345555
1,540790
5,060356
1,C527366
1,C512658
2,341514
1,4015854
4,230020
4,C528607
1,C520263
1,C528142
2,4028731
10,E07369
1,E05792
1,4019474
1,E06636
1,E03046
2,E05105
1,670790
3,C529395
1,E01275
1,C505680
1,345155
5,C506579
2,C527826
1,C512208
1,E05586
1,C525152
1,E05575
0,4021752
1,E00123
1,C509963
1,E05269
1,C529212
1,4018979
1,C528129
1,C516386
1,C514505
1,C530622
1,C516641
2,C508994
1,C519552
1,E05651
1,E07414
6,412019
3,C505677
1,340403
1,345000
0,C528600
1,4022532
1,C526839
1,C522453
1,C525309
1,E03385
1,C512050
13,345020
2,4007968
2,E07586
1,E05262
1,C530503
1,E02283
0,4017808
1,412074
1,C514369
1,412076
1,345050
2,C505102
3,345060
1,E01557
1,C505642
2,C504994
1,E02277
1,C518951
1,C531703
1,C514370
1,4023533
0,341723
1,C528242
1,C521458
3,341920
2,341940
3,340545
0,E05094
1,C525289
1,540690
1,E05186
1,E05642
3,E06659
1,E05641
1,C531631
1,E03387
1,341130
1,E06503
2,E07938
2,E00770
1,C501060
4,E02285
0,4007392
1,E03171
2,E05630
8,C519373
1,C531336
1,C516354
3,411020
2,341116
2,341116
1,C527178
1,4018316
1,C527095
1,412030
1,C530771
1,C527532
2,4018536
1,E07410
1,C526967
1,C531222
1,C525178
1,341413
0,140241
1,C504957
1,E05103
1,344452
1,E07028
1,C528170
1,C529773
1,E03391
3,4024232
1,C526565
1,C529507
1,C528587
1,4019448
2,720270
1,C526844
1,C520247
2,C521886
1,C524511
1,C529335
1,C514459
1,E06475
1,341916
1,C506582
2,C529503
1,C531221
1,E03017
3,E00116
1,C530277
1,540730
4,C510284
4,C530655
1,E07441
1,E00101
1,E05265
1,C526971
1,C512690
2,E03532
2,E03532
1,C531337
1,E07603
3,341127
2,C521441
0,E03026
1,C509790
1,C512055
1,E00069
1,E00069
1,4016764
1,4027994
8,540220
1,C504996
2,C530490
2,100660
1,C509884
1,340482
1,C511620
1,C514456
1,C501067
1,C524150
1,C528168
1,C531377
1,4024255
2,C530213
2,4016757
3,345650
2,E02757
3,540550
1,E00787
1,E02282
3,412050
1,E07438
1,E06638
1,C508437
1,E05650
24,E00764
2,E00118
1,341147
2,670800
1,540910
2,4023861
5,C509794
1,C507944
1,C505895
2,E07021
0,4016339
6,E02276
2,E02742
1,C527510
1,E06311
1,4019119
2,340529
1,C508989
1,C524148
1,C526842
1,C509977
1,C527166
1,E00119
1,E05110
1,C506581
1,4018534
2,E07631
1,C505942
1,E05124
3,C524519
1,C529334
1,E05589
1,E00095
2,C512654
1,C529759
1,E07367
1,4022934
1,E00769
1,540120
1,C509881
0,C527825
1,C531808
2,413780
2,413780
4,E07647
1,411050
3,342212
2,E04733
1,C518970
1,C528380
0,340280
1,E06772
7,230150
1,340288
4,C505048
1,C525195
5,C528458
1,413660
2,E06134
1,C509245
14,410080
1,412240
1,413010
1,E06788
1,C528238
2,C526802
1,E03297
1,C527404
3,410060
3,230290
2,E02589
2,230300
11,230140
3,411620
5,410170
2,C517356
2,E04723
2,C526552
1,411120
6,C511711
1,E01378
1,C525522
1,E06269
2,411850
2,411850
2,C514062
1,E02612
1,230400
1,230380
4,230320
1,411650
8,410380
1,E03275
4,412870
1,C513566
1,E03277
2,E02852
8,C530916
1,E04751
2,C511743
2,413190
1,C531131
1,C517349
1,C513620
1,C505062
1,C530919
4,E02591
1,161560
2,E04754
14,E02586
2,E04755
1,E05812
1,E03298
1,C509235
4,412150
8,E06264
2,412000
21,342136
1,E03271
2,411970
7,410480
1,C527212
1,C525188
3,410490
2,E04740
5,E06766
5,E06766
1,410500
1,E03292
2,C517346
2,C505091
1,342155
1,413250
1,C526543
6,670380
1,E03276
4,C502287
25,412140
4,411900
3,411140
3,410180
2,410280
1,342156
2,E03280
1,413400
3,010570
3,010570
2,411740
1,340295
1,E00556
2,E05806
2,E05806
1,E03289
1,C502298
1,E02587
1,C521598
1,383160
1,C531480
3,C503932
1,C526132
2,C526137
2,C526803
1,383280
1,383280
3,383170
2,160150
1,C526152
1,163580
2,100270
1,C530472
1,C503889
26,E06416
1,C506533
1,383400
1,C525442
3,030080
3,100290
1,030090
1,C521990
1,C531478
5,030100
2,411760
2,4009835
1,383210
1,C522005
1,C528474
1,C524913
4,C503699
2,383410
1,780050
1,383130
1,383130
1,C526146
2,C521998
1,C528567
4,C531270
1,383230
1,C531495
2,E08720
15,100110
3,C511444
1,383300
1,030130
1,C503697
1,E06423
16,100240
16,100240
1,383330
1,C526117
1,C506496
1,780040
1,050150
2,E01633
1,C525448
1,C529768
1,C525445
1,063330
1,063330
5,069690
11,050110
11,050110
3,060107
3,060107
1,342464
1,342468
1,342462
1,342458
1,210330
1,210330
3,E09271
1,E02268
2,E01850
2,072770
1,078360
1,C514824
1,4024512
1,E08110
2,E09306
1,074160
5,070710
1,C519992
1,070440
1,4016958
1,C502274
1,C514798
7,070120
1,C510276
2,C516771
7,070380
3,E07305
1,C521584
1,C529570
2,C506148
2,070600
2,C527124
1,320180
1,C502368
4,320030
5,4011028
1,E03095
1,C530757
1,C520003
1,C502387
1,E02266
0,166420
3,E03913
1,334330
3,C526472
1,E02200
1,074000
3,E08108
1,074850
3,C527503
10,072730
14,060470
11,060480
5,C515067
2,4019426
1,4026516
2,C527414
1,C531783
1,4027798
1,166580
4,230670
1,C502216
1,072160
1,E03781
1,C502321
1,E08076
2,C516749
1,072700
2,C506152
1,C506132
4,C529265
1,E01426
1,E03990
1,4028754
2,070180
1,C510262
2,C514894
2,060484
1,E02198
1,E02198
3,E08061
1,4014590
1,060481
1,C502258
1,C522528
1,072620
1,C506107
2,C509718
1,E08106
1,070190
1,071380
1,071380
11,4030096
1,C519999
1,070650
2,072230
2,C523747
1,C510263
1,4025665
1,C527506
1,E01963
1,C530052
1,C523892
1,C528378
1,C524969
1,4025222
2,E06324
2,E06324
1,072590
1,070230
1,C514783
0,060938
1,4021798
1,C527667
2,072420
1,4022857
1,C506105
1,C527500
5,4022536
1,4017008
1,C522896
1,072900
10,4021771
4,310710
1,4028784
1,C502220
3,070280
1,C529706
1,072430
2,070300
1,334340
10,C520031
4,072920
1,C502253
1,4028530
1,E01961
1,C506100
5,078080
1,E03094
3,070310
1,070460
2,070210
1,E07180
0,074490
3,E05293
5,078210
1,E08086
8,330080
3,C522864
2,C529562
2,4017705
1,E04784
2,E02413
3,C527383
1,C526812
2,E08074
1,4030076
1,C528374
1,C508335
1,C529789
2,333340
1,E08065
2,E09303
1,E04775
2,072120
1,066690
1,073900
1,4021834
7,070340
6,C526856
2,C531614
1,C519978
1,E08111
5,C526309
2,074710
1,C516801
2,073580
2,333450
1,C509723
1,C514825
1,E03086
3,C530541
3,090970
6,E02248
2,E04667
1,E02429
2,072480
1,C527126
1,C502338
2,C529690
1,E04787
1,4013787
1,071250
1,E02202
1,4028361
2,150130
1,C522871
1,4028353
8,C526718
1,072090
1,E08083
2,C529461
6,E02089
2,E02814
1,C510281
2,C523738
4,073600
9,E02193
2,E03777
1,C516924
1,334200
3,320230
1,C521976
1,070780
1,E04673
3,060469
1,C508248
1,C516753
1,072250
1,E03069
1,E03070
1,E07306
6,072320
1,078050
1,333020
1,C529377
8,C521377
5,E07166
1,333170
1,333360
1,333120
6,330040
1,C508232
1,070400
1,C519488
2,C502360
1,072630
1,070320
2,C502194
2,E03065
3,E09277
1,E07328
2,073500
8,334350
2,330010
3,320020
2,230680
2,C516832
2,E02813
2,E02813
1,C530544
1,333130
1,072720
2,066840
5,C526910
1,C523873
1,C523904
1,4030047
1,C516805
1,072370
1,C530054
1,E02203
1,C506131
1,E08093
1,E08063
1,072670
1,4016980
1,4021162
2,E08100
3,074880
1,C506066
1,C524200
2,C506144
1,C529561
1,E08082
1,E03102
2,333010
2,333010
2,078280
2,078280
1,320510
2,C522514
1,E02817
1,C510274
2,C528182
5,201500
3,C506410
1,341000
2,4020478
2,C518651
1,4023439
0,C506392
1,340992
2,340995
1,C530898
0,L
0,L
0,L
0,L
0,L
0,L
0,L
0,L
1,E
0,L
0,L
1,E
9,E
0,L
0,L
0,L
1,E
0,L
0,L
0,L
0,L
0,L
1,E
1,E
1,E
1,E
0,L
1,E
0,L
0,L
0,L
0,L
2,E
1,E
0,L
1,E
0,L
0,L
1,E
0,L
0,L
0,L
0,L
0,L
0,L
0,L
0,L
0,L
0,L
0,L
0,L
1,E
2,E
2,E
0,L
0,L
0,L
0,L
0,L
0,L
0,L
5,E
5,E
0,L
0,L
0,L
0,L
1,E
0,L
0,L
3,E
1,E
0,L
0,L
0,L
4,E
0,L
0,L
0,L
1,E
0,L
0,L
0,L
1,E
1,E
2,E
2,E
0,L
1,E
1,E
0,L
0,L
0,L
0,L
0,L
0,L
3,E
0,L
0,L
1,E
0,L
1,E
0,L
1,E
0,L
2,E
0,L
1,E
2,E
0,L
0,L
0,L
1,E
1,E
1,E
0,L
0,L
1,E
0,L
0,L
0,L
0,L
1,E
1,E
0,L
0,L
0,L
0,L
0,L
0,L
0,L
0,L
0,L
0,L
0,L
2,E
4,E
4,E
1,E
0,L
0,L
0,L
0,L
0,L
0,L
0,L
0,L
0,L
0,L
0,L
2,E
0,L
1,E
1,E
1,E
0,L
0,L
1,E
1,E
1,E
0,L
0,L
0,L
0,L
0,L
1,E
0,L
0,L
0,L
0,L
0,L
0,L
0,L
0,L
0,L
0,L
2,E
0,L
0,L
0,L
0,L
1,E
0,L
6,E
1,E
0,L
0,L
0,L
2,E
2,E
0,L
0,L
0,L
0,L
1,E
0,L
0,L
0,L
0,L
0,L
3,E
0,L
0,L
1,E
1,E
0,L
0,L
1,E
0,L
0,L
0,L
1,E
1,E
0,L
1,E
1,E
0,L
0,L
0,L
0,L
1,E
0,L
0,L
1,E
0,L
0,L
2,E
0,L
0,L
0,L
0,L
1,E
0,L
0,L
2,E
0,L
0,L
0,L
0,L
0,L
3,E
0,L
2,E
2,E
0,L
0,L
0,L
2,E
0,L
0,L
0,L
0,L
0,L
1,E
2,E
0,L
0,L
0,L
1,E
1,E
1,E
2,E
1,E
0,L
0,L
0,L
0,L
0,L
0,L
0,L
0,L
0,L
0,L
0,L
0,L
1,E
6,E
0,L
1,E
0,L
0,L
0,L
2,E
0,L
2,E
0,L
0,L
1,E
0,L
0,L
0,L
2,E
2,E
0,L
3,E
0,L
0,L
1,E
15,E
0,L
1,E
7,E
0,L
2,E
0,L
1,E
0,L
0,L
0,L
2,E
0,L
0,L
0,L
0,L
0,L
0,L
0,L
1,E
1,E
0,L
0,L
0,L
0,L
2,E
2,E
2,E
0,L
2,E
4,E
0,L
0,L
0,L
0,L
0,L
2,E
0,L
1,E
0,L
6,E
6,E
0,L
2,E
0,L
0,L
0,L
1,E
2,E
2,E
0,L
0,L
3,E
0,L
0,L
0,L
0,L
0,L
0,L
0,L
1,E
1,E
0,L
1,E
1,E
8,E
8,E
2,E
0,L
0,L
0,L
1,E
1,E
0,L
2,E
0,L
0,L
0,L
0,L
0,L
1,E
0,L
0,L
0,L
0,L
0,L
0,L
1,E
0,L
1,E
1,E
0,L
0,L
1,E
0,L
1,E
0,L
0,L
0,L
0,L
3,E
3,E
0,L
0,L
0,L
0,L
0,L
2,E
0,L
0,L
0,L
0,L
0,L
0,L
0,L
0,L
0,L
0,L
0,L
0,L
0,L
0,L
2,E
0,L
0,L
0,L
1,E
0,L
2,E
0,L
0,L
0,L
4,E
4,E
0,L
0,L
1,E
0,L
1,E
0,L
0,L
0,L
2,E
0,L
0,L
0,L
0,L
0,L
2,E
0,L
0,L
0,L
1,E
2,E
0,L
0,L
0,L
0,L
0,L
0,L
0,L
1,E
0,L
0,L
1,E
0,L
0,L
0,L
0,L
1,E
1,E
1,E
0,L
0,L
0,L
0,L
0,L
6,E
1,E
0,L
1,E
0,L
0,L
0,L
1,E
3,E
0,L
2,E
1,E
0,L
0,L
0,L
0,L
0,L
0,L
1,E
1,E
0,L
1,E
0,L
0,L
0,L
1,E
0,L
1,E
2,E
1,E
0,L
0,L
0,L
0,L
0,L
1,E
1,E
0,L
2,E
0,L
0,L
3,E
0,L
0,L
0,L
0,L
0,L
0,L
1,E
0,L
1,E
0,L
1,E
0,L
0,L
0,L
3,E
0,L
1,E
2,E
0,L
0,L
0,L
0,L
0,L
2,E
0,L
0,L
0,L
0,L
0,L
0,L
0,L
0,L
0,L
0,L
0,L
0,L
1,E
0,L
6,E
6,E
0,L
0,L
0,L
0,L
0,L
0,L
0,L
0,L
0,L
0,L
0,L
3,E
0,L
0,L
2,E
1,E
1,E
0,L
0,L
1,E
7,E
11,E
11,E
10,E
0,L
2,E
10,E
10,E
2,E
0,L
3,E
1,E
1,E
0,L
0,L
2,E
2,E
0,L
0,L
0,L
1,E
0,L
1,E
1,E
0,L
0,L
0,L
0,L
0,L
2,E
0,L
0,L
0,L
0,L
0,L
0,L
0,L
0,L
1,E
0,L
0,L
1,E
0,L
1,E
1,E
0,L
0,L
0,L
0,L
0,L
0,L
2,E
0,L
0,L
0,L
0,L
1,E
1,E
1,E
0,L
0,L
2,E
0,L
1,E
0,L
0,L
1,E
0,L
2,E
0,L
0,L
0,L
0,L
0,L
1,E
0,L
0,L
0,L
0,L
2,E
0,L
1,E
0,L
0,L
0,L
0,L
1,E
0,L
0,L
0,L
0,L
0,L
0,L
1,E
0,L
3,E
3,E
0,L
1,E
0,L
0,L
1,E
1,E
0,L
0,L
0,L
1,E
1,E
0,L
0,L
0,L
0,L
1,E
2,E
0,L
6,E
6,E
0,L
1,E
0,L
0,L
0,L
0,L
0,L
0,L
1,E
0,L
0,L
0,L
2,E
1,E
0,L
0,L
0,L
0,L
0,L
0,L
1,E
0,L
1,E
9,E
0,L
0,L
2,E
0,L
1,E
4,E
4,E
0,L
0,L
0,L
0,L
0,L
0,L
0,L
0,L
1,E
1,E
1,E
0,L
0,L
1,E
1,E
0,L
0,L
0,L
0,L
1,E
1,E
0,L
0,L
1,E
0,L
0,L
0,L
1,E
1,E
1,E
0,L
0,L
0,L
1,E
1,E
0,L
0,L
0,L
1,E
0,L
2,E
2,E
1,E
0,L
0,L
0,L
0,L
0,L
1,E
0,L
0,L
0,L
1,E
1,E
1,E
0,L
0,L
0,L
1,E
0,L
1,E
0,L
0,L
0,L
0,L
0,L
0,L
0,L
0,L
0,L
0,L
0,L
0,L
0,L
0,L
1,E
0,L
0,L
0,L
1,E
1,E
0,L
0,L
0,L
1,E
0,L
0,L
1,E
0,L
0,L
2,E
0,L
0,L
1,E
0,L
1,E
1,E
0,L
0,L
0,L
0,L
0,L
0,L
0,L
0,L
1,E
4,E
1,E
1,E
0,L
3,E
0,L
0,L
0,L
1,E
1,E
1,E
0,L
0,L
0,L
0,L
0,L
0,L
0,L
0,L
1,E
0,L
0,L
0,L
1,E
1,E
3,E
0,L
0,L
0,L
0,L
1,E
3,E
0,L
0,L
0,L
0,L
0,L
0,L
0,L
0,L
0,L
0,L
1,E
0,L
0,L
0,L
0,L
0,L
0,L
2,E
0,L
0,L
0,L
0,L
0,L
0,L
0,L
0,L
0,L
0,L
1,E
1,E
0,L
0,L
4,E
0,L
0,L
0,L
0,L
0,L
0,L
0,L
0,L
2,E
0,L
0,L
1,E
0,L
2,E
0,L
0,L
0,L
0,L
0,L
2,E
0,L
0,L
0,L
0,L
1,E
1,E
0,L
1,E
0,L
0,L
0,L
2,E
0,L
0,L
2,E
1,E
0,L
0,L
1,E
4,E
2,E
1,E
1,E
0,L
1,E
1,E
1,E
1,E
5,E
2,E
0,L
0,L
0,L
0,L
0,L
0,L
0,L
0,L
0,L
0,L
3,E
0,L
0,L
1,E
0,L
0,L
0,L
0,L
0,L
0,L
4,E
1,E
1,E
0,L
1,E
1,E
1,E
0,L
1,E
0,L
1,E
0,L
2,E
2,E
0,L
0,L
0,L
0,L
0,L
0,L
2,E
0,L
0,L
0,L
3,E
0,L
0,L
0,L
0,L
0,L
0,L
0,L
0,L
0,L
3,E
0,L
0,L
0,L
10,E
0,L
0,L
0,L
0,L
0,L
0,L
1,E
1,E
0,L
0,L
5,E
0,L
0,L
0,L
0,L
0,L
0,L
0,L
0,L
0,L
0,L
0,L
0,L
0,L
0,L
0,L
0,L
1,E
1,E
0,L
0,L
2,E
2,E
2,E
0,L
0,L
1,E
0,L
0,L
0,L
0,L
3,E
3,E
0,L
0,L
14,E
4,E
0,L
0,L
0,L
0,L
0,L
2,E
2,E
0,L
0,L
0,L
0,L
0,L
0,L
4,E
1,E
0,L
0,L
0,L
0,L
1,E
1,E
1,E
0,L
2,E
0,L
0,L
0,L
0,L
0,L
0,L
3,E
0,L
0,L
1,E
2,E
2,E
0,L
2,E
2,E
2,E
0,L
0,L
0,L
0,L
0,L
1,E
0,L
0,L
1,E
4,E
0,L
1,E
0,L
2,E
1,E
0,L
0,L
0,L
0,L
0,L
0,L
0,L
0,L
0,L
0,L
0,L
0,L
0,L
1,E
0,L
0,L
0,L
0,L
0,L
0,L
0,L
0,L
0,L
2,E
0,L
0,L
0,L
1,E
0,L
0,L
0,L
2,E
0,L
0,L
0,L
4,E
0,L
1,E
0,L
9,E
9,E
2,E
0,L
0,L
0,L
0,L
0,L
1,E
1,E
2,E
0,L
0,L
0,L
0,L
0,L
0,L
0,L
0,L
2,E
1,E
1,E
0,L
1,E
0,L
1,E
1,E
1,E
0,L
0,L
0,L
0,L
1,E
1,E
0,L
0,L
3,E
2,E
0,L
0,L
0,L
1,E
0,L
0,L
0,L
1,E
0,L
0,L
0,L
1,E
0,L
0,L
1,E
0,L
0,L
0,L
0,L
0,L
0,L
0,L
0,L
0,L
1,E
1,E
0,L
0,L
0,L
0,L
0,L
0,L
1,E
2,E
0,L
8,E
8,E
0,L
1,E
0,L
2,E
0,L
0,L
0,L
0,L
2,E
0,L
1,E
0,L
0,L
0,L
0,L
0,L
0,L
0,L
0,L
0,L
0,L
0,L
0,L
0,L
2,E
0,L
0,L
0,L
0,L
0,L
1,E
0,L
0,L
0,L
0,L
0,L
0,L
0,L
0,L
0,L
0,L
1,E
0,L
0,L
0,L
0,L
0,L
2,E
0,L
0,L
3,E
1,E
0,L
0,L
0,L
0,L
0,L
0,L
0,L
0,L
0,L
12,E
0,L
0,L
0,L
0,L
0,L
0,L
0,L
0,L
0,L
1,E
0,L
0,L
0,L
23,E
23,E
0,L
0,L
0,L
1,E
0,L
0,L
0,L
0,L
0,L
3,E
0,L
0,L
0,L
0,L
5,E
5,E
0,L
0,L
0,L
0,L
0,L
0,L
0,L
1,E
0,L
1,E
0,L
0,L
0,L
1,E
1,E
0,L
0,L
0,L
0,L
0,L
0,L
0,L
0,L
0,L
0,L
0,L
0,L
0,L
0,L
0,L
0,L
0,L
0,L
0,L
0,L
0,L
0,L
0,L
1,E
0,L
0,L
1,E
0,L
0,L
0,L
0,L
0,L
0,L
3,E
0,L
2,E
1,E
0,L
0,L
0,L
0,L
0,L
0,L
0,L
0,L
0,L
0,L
0,L
0,L
0,L
0,L
0,L
0,L
0,L
0,L
1,E
2,E
0,L
0,L
0,L
0,L
0,L
1,E
0,L
1,E
0,L
0,L
0,L
0,L
5,E
3,E
3,E
0,L
1,E
0,L
0,L
0,L
2,E
0,L
0,L
0,L
0,L
0,L
0,L
0,L
0,L
0,L
1,E
1,E
3,E
0,L
0,L
0,L
0,L
1,E
0,L
0,L
0,L
2,E
1,E
1,E
0,L
0,L
1,E
0,L
0,L
0,L
0,L
0,L
0,L
0,L
0,L
1,E
1,E
0,L
1,E
0,L
2,E
0,L
0,L
1,E
1,E
2,E
3,E
0,L
2,E
0,L
3,E
0,L
1,E
0,L
0,L
0,L
0,L
0,L
0,L
2,E
0,L
0,L
0,L
3,E
3,E
0,L
0,L
0,L
0,L
13,E
13,E
0,L
0,L
0,L
0,L
0,L
0,L
0,L
0,L
0,L
4,E
0,L
1,E
0,L
0,L
0,L
1,E
0,L
0,L
1,E
0,L
0,L
0,L
0,L
1,E
1,E
1,E
1,E
0,L
2,E
0,L
0,L
0,L
0,L
0,L
0,L
0,L
0,L
0,L
0,L
0,L
0,L
0,L
0,L
0,L
1,E
0,L
0,L
0,L
0,L
0,L
0,L
0,L
0,L
0,L
0,L
0,L
1,E
2,E
2,E
30,E
30,E
1,E
1,E
11,E
11,E
0,L
0,L
0,L
0,L
0,L
0,L
0,L
0,L
1,E
0,L
0,L
2,E
0,L
0,L
0,L
0,L
0,L
1,E
1,E
0,L
0,L
1,E
1,E
0,L
0,L
0,L
0,L
0,L
1,E
1,E
4,E
0,L
4,E
4,E
0,L
0,L
0,L
0,L
0,L
0,L
0,L
0,L
1,E
0,L
0,L
0,L
0,L
1,E
0,L
0,L
1,E
0,L
0,L
0,L
0,L
1,E
0,L
4,E
0,L
0,L
0,L
0,L
0,L
1,E
1,E
0,L
0,L
0,L
0,L
0,L
0,L
2,E
0,L
0,L
0,L
0,L
0,L
1,E
0,L
0,L
0,L
0,L
0,L
0,L
2,E
0,L
0,L
0,L
0,L
0,L
0,L
0,L
1,E
0,L
0,L
1,E
0,L
0,L
0,L
0,L
0,L
4,E
0,L
0,L
0,L
1,E
0,L
1,E
1,E
0,L
0,L
0,L
1,E
0,L
1,E
0,L
0,L
1,E
0,L
1,E
1,E
0,L
1,E
1,E
0,L
1,E
1,E
0,L
3,E
0,L
0,L
0,L
1,E
0,L
0,L
0,L
2,E
0,L
0,L
0,L
0,L
0,L
0,L
0,L
0,L
1,E
1,E
1,E
0,L
0,L
1,E
0,L
0,L
0,L
0,L
0,L
0,L
0,L
0,L
0,L
0,L
1,E
0,L
1,E
0,L
0,L
0,L
0,L
0,L
0,L
9,E
2,E
0,L
0,L
0,L
0,L
0,L
2,E
0,L
0,L
1,E
0,L
0,L
0,L
0,L
1,E
1,E
1,E
0,L
0,L
0,L
0,L
0,L
0,L
0,L
0,L
0,L
0,L
0,L
0,L
0,L
0,L
1,E
15,E
15,E
1,E
1,E
1,E
2,E
1,E
0,L
0,L
1,E
0,L
0,L
5,E
0,L
2,E
2,E
0,L
0,L
1,E
0,L
1,E
0,L
1,E
0,L
0,L
1,E
0,L
0,L
1,E
0,L
1,E
0,L
0,L
0,L
0,L
1,E
1,E
0,L
0,L
0,L
0,L
1,E
0,L
0,L
0,L
0,L
0,L
1,E
1,E
0,L
0,L
0,L
1,E
2,E
2,E
0,L
0,L
0,L
3,E
0,L
0,L
2,E
2,E
0,L
0,L
2,E
3,E
1,E
0,L
0,L
0,L
0,L
0,L
0,L
0,L
2,E
0,L
24,E
24,E
2,E
0,L
0,L
0,L
0,L
0,L
0,L
4,E
0,L
5,E
77,E
77,E
0,L
2,E
0,L
0,L
0,L
0,L
1,E
1,E
0,L
2,E
0,L
0,L
1,E
0,L
0,L
0,L
2,E
0,L
0,L
2,E
0,L
1,E
0,L
0,L
0,L
0,L
0,L
0,L
5,E
5,E
0,L
1,E
0,L
0,L
0,L
1,E
0,L
0,L
1,E
0,L
3,E
1,E
1,E
0,L
0,L
0,L
0,L
0,L
1,E
1,E
0,L
1,E
0,L
0,L
0,L
0,L
0,L
0,L
0,L
0,L
4,E
0,L
0,L
1,E
0,L
0,L
0,L
0,L
0,L
0,L
0,L
0,L
0,L
0,L
0,L
0,L
1,E
0,L
0,L
1,E
0,L
0,L
0,L
0,L
0,L
0,L
1,E
0,L
1,E
0,L
0,L
0,L
0,L
2,E
1,E
0,L
0,L
0,L
0,L
0,L
0,L
2,E
0,L
2,E
0,L
1,E
1,E
0,L
1,E
0,L
1,E
0,L
0,L
0,L
1,E
1,E
3,E
0,L
2,E
2,E
6,E
0,L
0,L
0,L
1,E
0,L
3,E
3,E
0,L
0,L
0,L
0,L
0,L
0,L
1,E
0,L
0,L
0,L
0,L
0,L
0,L
0,L
0,L
1,E
0,L
0,L
0,L
0,L
1,E
0,L
0,L
0,L
0,L
0,L
0,L
0,L
10,E
0,L
0,L
0,L
2,E
2,E
2,E
0,L
0,L
0,L
2,E
0,L
0,L
0,L
1,E
0,L
1,E
0,L
0,L
0,L
0,L
3,E
1,E
3,E
3,E
0,L
0,L
4,E
4,E
1,E
0,L
0,L
0,L
5,E
0,L
0,L
0,L
0,L
0,L
1,E
0,L
1,E
1,E
0,L
2,E
0,L
0,L
0,L
0,L
1,E
0,L
0,L
2,E
0,L
0,L
0,L
0,L
1,E
0,L
0,L
1,E
0,L
0,L
0,L
3,E
0,L
0,L
0,L
0,L
0,L
0,L
0,L
0,L
0,L
1,E
1,E
0,L
0,L
0,L
29,E
29,E
1,E
1,E
4,E
1,E
0,L
1,E
0,L
2,E
0,L
2,E
1,E
1,E
0,L
0,L
3,E
0,L
0,L
1,E
0,L
0,L
0,L
2,E
0,L
0,L
0,L
0,L
0,L
0,L
0,L
0,L
0,L
0,L
1,E
0,L
0,L
0,L
4,E
30,E
30,E
0,L
1,E
1,E
0,L
0,L
0,L
1,E
1,E
0,L
0,L
0,L
0,L
0,L
1,E
0,L
2,E
3,E
0,L
0,L
0,L
0,L
0,L
1,E
0,L
1,E
0,L
0,L
0,L
0,L
0,L
0,L
0,L
0,L
0,L
0,L
1,E
0,L
2,E
2,E
0,L
0,L
1,E
1,E
1,E
0,L
0,L
0,L
0,L
0,L
2,E
1,E
0,L
2,E
0,L
0,L
1,E
1,E
0,L
0,L
0,L
0,L
1,E
6,E
6,E
2,E
0,L
2,E
0,L
0,L
0,L
0,L
0,L
0,L
0,L
0,L
0,L
2,E
0,L
0,L
0,L
0,L
0,L
0,L
0,L
0,L
0,L
0,L
0,L
0,L
0,L
0,L
0,L
0,L
0,L
0,L
0,L
0,L
0,L
0,L
1,E
0,L
1,E
0,L
0,L
0,L
0,L
1,E
0,L
1,E
0,L
0,L
0,L
0,L
0,L
0,L
0,L
1,E
1,E
4,E
0,L
0,L
0,L
2,E
0,L
0,L
0,L
0,L
0,L
0,L
0,L
0,L
0,L
0,L
0,L
0,L
0,L
0,L
1,E
0,L
0,L
0,L
0,L
0,L
0,L
16,E
16,E
0,L
0,L
0,L
0,L
0,L
0,L
0,L
0,L
0,L
2,E
0,L
0,L
1,E
1,E
0,L
1,E
0,L
0,L
0,L
0,L
0,L
2,E
1,E
1,E
0,L
0,L
0,L
1,E
1,E
1,E
4,E
4,E
3,E
2,E
2,E
3,E
0,L
0,L
0,L
0,L
1,E
0,L
1,E
0,L
0,L
0,L
0,L
2,E
0,L
0,L
1,E
0,L
0,L
2,E
0,L
1,E
0,L
1,E
1,E
0,L
5,E
5,E
0,L
0,L
2,E
0,L
0,L
0,L
0,L
3,E
0,L
2,E
0,L
0,L
0,L
0,L
0,L
1,E
1,E
1,E
0,L
1,E
0,L
0,L
0,L
0,L
0,L
0,L
0,L
2,E
0,L
1,E
0,L
0,L
0,L
0,L
0,L
0,L
0,L
2,E
0,L
0,L
0,L
1,E
0,L
0,L
1,E
1,E
1,E
1,E
0,L
2,E
0,L
0,L
0,L
1,E
1,E
0,L
0,L
1,E
0,L
2,E
0,L
0,L
0,L
0,L
2,E
0,L
0,L
0,L
0,L
0,L
0,L
0,L
0,L
0,L
0,L
1,E
2,E
3,E
3,E
0,L
0,L
0,L
2,E
3,E
0,L
1,E
1,E
0,L
5,E
1,E
1,E
1,E
1,E
0,L
0,L
0,L
0,L
1,E
2,E
0,L
0,L
0,L
1,E
1,E
1,E
1,E
0,L
1,E
0,L
0,L
0,L
0,L
0,L
0,L
0,L
0,L
1,E
0,L
0,L
0,L
0,L
0,L
2,E
3,E
0,L
1,E
3,E
1,E
0,L
0,L
0,L
0,L
0,L
0,L
0,L
0,L
0,L
0,L
0,L
2,E
0,L
0,L
1,E
1,E
1,E
0,L
0,L
0,L
1,E
2,E
2,E
2,E
0,L
0,L
1,E
1,E
2,E
0,L
1,E
0,L
0,L
0,L
0,L
0,L
0,L
1,E
0,L
0,L
0,L
0,L
2,E
0,L
0,L
0,L
0,L
0,L
1,E
0,L
1,E
0,L
0,L
0,L
0,L
1,E
0,L
3,E
50,E
0,L
3,E
5,E
0,L
0,L
0,L
0,L
0,L
0,L
0,L
1,E
1,E
1,E
1,E
0,L
0,L
0,L
5,E
0,L
1,E
0,L
0,L
0,L
1,E
3,E
2,E
1,E
0,L
0,L
0,L
0,L
0,L
0,L
0,L
2,E
2,E
0,L
1,E
0,L
1,E
0,L
0,L
0,L
0,L
0,L
1,E
0,L
0,L
0,L
0,L
2,E
0,L
1,E
1,E
3,E
0,L
0,L
1,E
0,L
0,L
0,L
0,L
0,L
0,L
0,L
0,L
0,L
0,L
0,L
1,E
2,E
2,E
0,L
2,E
0,L
1,E
0,L
1,E
0,L
0,L
9,E
9,E
2,E
2,E
0,L
0,L
1,E
0,L
0,L
0,L
0,L
7,E
7,E
0,L
0,L
1,E
0,L
0,L
0,L
0,L
1,E
0,L
0,L
0,L
1,E
0,L
1,E
5,E
0,L
0,L
0,L
0,L
0,L
0,L
2,E
2,E
0,L
1,E
0,L
1,E
0,L
0,L
0,L
0,L
0,L
0,L
1,E
1,E
1,E
0,L
0,L
0,L
0,L
0,L
0,L
0,L
0,L
0,L
0,L
0,L
0,L
0,L
6,E
6,E
4,E
0,L
0,L
0,L
1,E
4,E
1,E
1,E
0,L
0,L
0,L
0,L
1,E
1,E
1,E
1,E
0,L
0,L
0,L
0,L
0,L
0,L
0,L
0,L
0,L
0,L
0,L
0,L
0,L
0,L
2,E
2,E
0,L
1,E
1,E
0,L
0,L
1,E
0,L
0,L
1,E
0,L
9,E
9,E
1,E
0,L
0,L
1,E
0,L
0,L
0,L
0,L
0,L
0,L
0,L
0,L
0,L
0,L
0,L
0,L
0,L
0,L
0,L
0,L
0,L
0,L
0,L
0,L
0,L
0,L
0,L
0,L
0,L
0,L
0,L
0,L
2,E
0,L
0,L
0,L
0,L
0,L
0,L
0,L
0,L
0,L
0,L
0,L
0,L
0,L
0,L
0,L
5,E
0,L
0,L
0,L
0,L
0,L
0,L
0,L
0,L
0,L
1,E
0,L
0,L
0,L
0,L
0,L
0,L
0,L
0,L
1,E
0,L
0,L
0,L
1,E
0,L
0,L
0,L
0,L
0,L
1,E
1,E
0,L
0,L
0,L
0,L
0,L
0,L
0,L
0,L
0,L
0,L
0,L
0,L
0,L
0,L
0,L
1,E
0,L
0,L
0,L
0,L
0,L
0,L
0,L
0,L
0,L
0,L
0,L
0,L
0,L
0,L
1,E
0,L
0,L
0,L
0,L
0,L
1,E
3,E
0,L
0,L
0,L
2,E
0,L
0,L
3,E
0,L
0,L
0,L
0,L
0,L
0,L
0,L
0,L
0,L
0,L
0,L
0,L
0,L
0,L
0,L
0,L
0,L
1,E
2,E
2,E
0,L
0,L
0,L
0,L
0,L
0,L
0,L
0,L
0,L
0,L
0,L
0,L
0,L
0,L
1,E
83,E
83,E
2,E
84,E
84,E
4,E
2,E
0,L
0,L
1,E
1,E
0,L
1,E
1,E
0,L
0,L
0,L
1,E
1,E
0,L
2,E
0,L
0,L
0,L
0,L
0,L
0,L
0,L
0,L
0,L
1,E
1,E
0,L
0,L
0,L
1,E
1,E
0,L
0,L
1,E
1,E
10,E
2,E
1,E
0,L
0,L
0,L
0,L
0,L
2,E
1,E
1,E
0,L
0,L
0,L
0,L
1,E
0,L
1,E
0,L
0,L
9,E
16,E
2,E
2,E
0,L
0,L
0,L
0,L
0,L
0,L
9,E
0,L
0,L
0,L
0,L
0,L
0,L
0,L
0,L
2,E
0,L
0,L
0,L
0,L
1,E
0,L
0,L
0,L
0,L
1,E
0,L
0,L
0,L
1,E
0,L
2,E
2,E
2,E
0,L
0,L
0,L
1,E
0,L
0,L
0,L
1,E
1,E
0,L
0,L
0,L
0,L
0,L
1,E
0,L
0,L
50,E
50,E
2,E
8,E
0,L
0,L
0,L
0,L
0,L
3,E
0,L
0,L
0,L
6,E
1,E
0,L
0,L
0,L
9,E
4,E
1,E
0,L
0,L
1,E
0,L
3,E
0,L
1,E
0,L
0,L
0,L
0,L
0,L
0,L
9,E
9,E
1,E
5,E
0,L
0,L
0,L
1,E
3,E
1,E
0,L
0,L
1,E
1,E
0,L
1,E
0,L
0,L
0,L
0,L
0,L
0,L
36,E
36,E
1,E
1,E
0,L
0,L
1,E
0,L
3,E
3,E
0,L
0,L
0,L
1,E
0,L
0,L
0,L
2,E
0,L
0,L
4,E
1,E
0,L
0,L
0,L
0,L
1,E
0,L
0,L
0,L
0,L
0,L
0,L
0,L
0,L
2,E
0,L
0,L
0,L
0,L
0,L
0,L
0,L
0,L
0,L
0,L
0,L
0,L
0,L
0,L
0,L
2,E
0,L
0,L
0,L
1,E
0,L
0,L
0,L
0,L
1,E
0,L
2,E
0,L
0,L
0,L
1,E
0,L
2,E
2,E
0,L
0,L
0,L
1,E
0,L
0,L
0,L
0,L
0,L
1,E
0,L
0,L
2,E
0,L
0,L
0,L
0,L
0,L
37,E
37,E
0,L
0,L
0,L
0,L
0,L
0,L
0,L
0,L
0,L
0,L
0,L
0,L
0,L
1,E
4,E
4,E
0,L
3,E
7,E
1,E
0,L
2,E
0,L
4,E
4,E
1,E
0,L
0,L
2,E
0,L
1,E
0,L
0,L
0,L
0,L
1,E
0,L
0,L
0,L
1,E
0,L
0,L
0,L
1,E
0,L
0,L
0,L
0,L
0,L
0,L
0,L
0,L
0,L
0,L
0,L
0,L
1,E
1,E
1,E
0,L
0,L
0,L
0,L
0,L
0,L
2,E
0,L
0,L
0,L
0,L
1,E
0,L
2,E
1,E
1,E
0,L
0,L
0,L
0,L
0,L
0,L
0,L
0,L
0,L
0,L
1,E
0,L
0,L
1,E
0,L
4,E
4,E
0,L
0,L
0,L
0,L
0,L
0,L
0,L
0,L
0,L
0,L
0,L
0,L
0,L
0,L
0,L
0,L
0,L
0,L
0,L
0,L
0,L
0,L
0,L
0,L
0,L
1,E
0,L
0,L
0,L
0,L
0,L
0,L
0,L
0,L
0,L
0,L
1,E
0,L
0,L
0,L
0,L
0,L
0,L
0,L
0,L
0,L
0,L
0,L
0,L
0,L
0,L
10,E
10,E
0,L
1,E
2,E
0,L
0,L
1,E
2,E
0,L
0,L
0,L
0,L
0,L
1,E
0,L
2,E
0,L
0,L
0,L
1,E
1,E
3,E
0,L
0,L
0,L
0,L
0,L
0,L
0,L
0,L
0,L
0,L
0,L
0,L
0,L
0,L
0,L
0,L
0,L
0,L
1,E
0,L
0,L
0,L
0,L
1,E07303
1,4011678
9,067090
3,069330
8,230050
3,130020
1,C502983
17,060080
17,060080
2,230090
9,062770
9,062770
1,C523229
1,C514952
1,060771
2,C502128
1,C501674
1,C528613
4,348630
1,E06222
4,065362
1,C504446
2,066240
21,C502430
1,E06043
1,C501774
1,E00523
2,064140
1,C503509
3,069360
1,C518613
4,060020
1,C524544
36,064230
1,C511092
9,063570
2,069310
3,C510864
0,341753
0,341753
9,E09534
6,060400
1,062920
3,060410
3,060410
3,C528143
9,010030
1,190250
2,E03442
1,069880
1,E06034
1,4024678
0,060969
2,C501837
6,062930
2,068010
2,068010
1,E00857
1,C520245
2,010050
14,C527942
1,4024134
4,063980
2,E08189
1,066340
1,C506318
1,C505104
3,068190
1,060011
1,060414
1,190040
6,062800
0,064300
3,E07275
4,180040
6,341781
1,410025
2,E07271
1,064240
1,C529319
3,066430
1,060515
1,060515
1,062950
1,4020890
2,C506294
8,060005
6,E07029
6,E07029
2,C514335
1,190510
1,C522969
1,C504445
1,180110
3,C527955
2,E01783
2,E01783
1,C514301
2,C514921
6,C502776
3,348580
3,348580
8,E05056
17,E09322
1,E07807
4,C515587
3,060770
1,E01489
1,C528175
5,180170
1,064310
1,C525950
1,4024590
1,180180
1,C504366
1,C507581
1,060840
4,060860
1,E00012
1,E06230
2,C510794
2,346000
1,069020
9,066560
9,066560
1,C510795
1,4027679
2,069210
1,190110
1,E07281
2,E06202
1,E05048
1,C524450
1,C518599
0,060990
1,E04611
1,E00524
1,C502964
1,341390
1,341390
1,C510913
1,130040
1,060012
2,E08663
8,065130
4,E03222
3,C505804
1,E06229
1,E03443
1,060192
9,062970
1,064510
1,370140
1,C505798
1,C527341
1,E04580
1,C515599
1,062810
1,E09007
20,090090
6,065100
1,C528111
1,C526998
3,068200
7,348210
1,C510235
2,348260
1,C529645
9,C524447
1,C531713
1,C527286
1,345880
1,E09602
1,060023
2,C529643
1,E04645
1,067680
2,E03422
1,C502990
1,068040
1,061023
6,066860
4,063950
4,063950
1,C527775
0,067880
0,067880
1,063830
1,E06027
1,C528623
1,E06084
1,E08193
1,067110
1,E06026
1,E06026
9,061410
2,063430
0,062980
1,063790
3,E06068
3,E06068
2,4023192
1,4017397
1,C527005
1,063580
4,C526972
45,C505108
1,068050
3,067620
6,061460
1,065340
1,E01913
3,C524735
6,060357
5,410290
5,410290
4,E01978
4,067670
1,C511071
1,C507592
2,780160
2,E03416
2,E03416
1,341782
5,064360
2,192970
1,4013654
11,C507606
1,4023348
0,140020
2,060021
3,4024575
1,C523059
1,061004
1,C525187
1,C511149
1,066360
3,064460
1,C526511
2,E01471
2,E06223
1,060361
2,060181
2,060181
1,370190
1,C503502
1,E05530
2,C528172
5,C515583
3,190470
1,4010599
3,C529516
2,C531786
2,C509714
6,065345
8,061730
8,061730
3,E00855
1,E08735
1,C523071
2,C523036
1,C531394
19,420300
7,065390
8,040070
2,060963
1,780060
1,E01918
2,C527950
4,060823
2,C502090
18,E06446
1,C511006
1,193060
6,065352
19,061024
19,061024
1,069380
6,065330
1,C528149
1,E03418
1,C525540
2,E08872
2,E08872
5,C528239
0,E05498
2,E04587
1,060066
1,E04596
1,C514022
2,069270
1,C531747
1,060188
1,063820
4,E09094
4,E09094
4,E09094
2,066140
1,370240
4,400120
11,063410
3,062120
2,E07540
3,060811
3,130160
3,130160
2,E00011
2,E00011
1,E03223
1,065343
1,C502968
1,E03417
1,C505173
9,062890
1,C518608
2,066960
1,061091
1,C531760
3,060182
7,660110
2,E05049
1,E09006
1,C502971
1,4011568
2,C507567
5,4031278
1,C502925
9,062300
3,060468
1,E06200
1,060013
6,069140
6,062370
6,062370
1,E07547
9,064880
9,064880
2,E07536
4,180050
1,345930
1,C525566
1,E08699
1,C520567
0,069180
5,370020
11,063690
1,E06350
1,E01920
2,E00884
4,040100
4,067250
3,065090
4,370070
2,C502931
1,130030
76,063800
76,063800
1,065600
1,660160
2,061022
1,C524674
2,190410
2,190410
1,370130
2,065540
2,065540
3,064320
3,064320
1,660210
2,370290
4,C504365
1,C501715
1,4007281
1,060415
1,066120
1,E06349
1,130170
1,063470
2,341772
6,066300
6,066300
11,066920
11,066920
1,066290
1,065150
2,E04623
1,348730
1,C520239
2,230060
3,345900
1,063990
1,348285
2,C529368
2,069390
4,4019616
2,060881
1,346035
2,190280
7,345840
1,C528445
6,370050
2,060083
2,060083
1,C523214
1,190140
1,062650
1,345960
1,E06071
3,C531759
1,E08734
1,E07294
1,C509713
3,C510156
1,190100
1,190480
1,4023258
1,E00863
1,C507577
1,C530110
9,E00327
1,591240
22,C508599
3,E05934
1,E08766
2,C526847
1,070060
7,340100
1,C529448
3,340140
1,C514336
1,C526312
1,E07241
5,C519926
1,E06298
3,590970
1,590450
1,341548
3,600010
4,E08857
1,590700
2,C519473
0,1001021
2,347020
3,340123
2,340641
1,347340
1,340975
1,591000
7,390110
1,400110
1,C529272
1,C519933
1,4010070
1,4009602
1,E04865
1,340121
1,591180
1,C519887
1,341093
1,C509532
1,591090
0,340770
9,E04570
2,340086
1,C510531
3,070050
1,E08849
1,390113
1,C510573
6,340302
1,C529551
1,590890
1,C519856
2,340103
1,070030
1,341080
1,390160
1,590640
1,340990
0,C531626
1,C529275
1,220250
1,C507177
1,C530830
2,341240
5,E04544
1,E01803
0,E04935
1,E00049
1,C527359
1,341252
2,E05903
3,590020
0,347470
1,C524005
3,4020759
1,340145
3,C520570
1,E06290
3,069985
1,C528654
2,347040
1,E02289
3,C531235
1,C522814
1,C512769
1,E01609
0,346913
2,341094
2,E03509
1,400030
1,E04509
2,E01800
1,E08559
2,590420
4,C530256
1,400013
1,345830
1,220240
1,C508210
1,E03599
1,C509519
2,591170
1,4013545
2,530170
2,530170
1,C531456
9,340022
1,E00575
6,340095
1,E03553
1,C519445
1,591100
2,C511661
1,E05904
7,4015616
5,C528384
1,341533
3,220280
1,390040
1,C530832
1,C522748
3,340076
1,C530257
1,C527466
1,E02821
4,400050
2,C528656
3,E01614
1,C520478
1,E00035
1,C509540
7,C508545
3,341090
2,E03519
1,E01806
1,C513141
1,340094
1,4012532
1,C507182
1,E03593
3,340087
6,E00041
1,4024064
1,C511163
1,C515184
1,C508568
1,4016818
0,E08014
1,C530350
1,E07240
6,E00186
1,C525800
2,220090
1,C522792
9,E04508
4,347090
1,C525760
1,E02602
1,C530554
2,C505304
7,C527031
2,C519749
1,C511168
1,C529440
1,C527480
1,347080
1,C525796
1,C519436
3,C505323
0,PUZ630
3,4027390
1,C529513
1,340985
0,340157
5,340602
1,390120
1,E08496
1,E00026
1,590950
1,E02299
1,C525275
4,347190
1,E02440
1,E08560
1,C527419
2,220150
1,341077
1,E08844
5,390020
2,591200
9,390050
1,590940
4,340117
2,390060
2,590860
6,344004
2,591390
1,E00570
2,C526792
2,590690
2,390140
6,070100
2,344007
1,C527484
1,340151
1,390130
2,341070
26,590530
26,590530
2,530180
1,220200
2,590740
1,E08019
0,E06584
3,340064
2,390240
1,341542
1,390210
3,220110
240,345770
1,340618
1,E00572
1,390180
0,060095
1,349949
1,345780
4,390070
1,220180
6,110070
3,066660
1,C530192
1,4007123
2,E01530
1,C520043
1,C524958
1,060096
1,C515179
1,349769
1,E08851
1,C526315
1,C515200
1,4011457
1,591080
1,C527150
1,C530831
1,4017697
1,C524026
2,C522770
1,E04547
1,4018388
1,590480
1,E05917
1,4017690
2,E08648
1,C509249
1,C503322
1,412810
1,660027
4,E00020
3,E09127
1,C504892
0,4012604
1,410510
2,344011
2,344011
2,410050
1,C527536
4,C504891
1,C527535
1,E05177
1,E05177
4,410680
2,C526929
1,412470
1,C503278
1,C504894
2,412820
1,C501398
1,C501441
1,C503186
1,C501403
1,C526820
2,412760
3,C503170
1,C528203
1,E04361
2,E00015
1,412480
2,411240
5,E08009
5,E08009
1,C503475
1,412120
1,C503395
1,C503277
1,C501382
3,411400
1,C503207
2,412800
2,411570
1,411430
1,411750
3,C512693
2,410620
2,411590
1,C501366
1,C502863
1,340358
1,340355
1,C514088
1,C502877
3,345230
1,340321
1,340345
1,340313
1,C502883
3,340307
3,340307
0,065380
1,340308
3,C518923
3,4013584
1,C529463
3,670460
5,670410
1,C507250
1,C511553
1,E05840
2,342403
1,C518931
2,349311
3,E06583
1,4007513
3,C504692
1,344021
1,C528181
2,341172
3,C515266
1,C514697
1,C504683
1,343014
1,C506833
1,341009
1,C514692
3,C527683
1,C508026
1,E00578
1,343024
2,E05850
1,342079
9,344720
3,341178
1,C527688
1,C506823
1,C528942
1,C515270
1,340960
2,341346
0,E06433
17,340880
1,C525870
1,E01412
5,4017749
1,C505454
0,349259
10,341150
1,1000762
3,340713
1,C507999
1,344024
2,344400
1,340583
1,340923
4,C512596
1,C514202
2,C527205
1,344390
2,E04697
5,E01907
1,C512785
2,E08450
2,341380
23,C526091
2,340562
1,E03666
0,341336
2,C526559
1,C501548
1,C531552
2,340708
2,C523970
1,C511562
1,E08804
1,E02435
0,1000723
1,E08421
1,C512702
1,C507997
2,341262
1,E08838
1,C514238
1,C511549
2,344780
1,E08442
1,340399
1,342246
1,342246
16,342110
1,341010
1,342415
32,342270
2,067830
1,4011401
1,C524661
19,342280
0,349140
10,341392
2,343031
1,C526257
1,342410
1,342440
3,342450
1,345170
1,340592
4,348090
4,C527335
17,C504673
5,345240
1,C521893
1,C514208
1,C531250
1,341376
1,E05846
1,C519871
1,161690
1,E01949
2,E01353
1,C508024
1,E00598
1,345380
94,342770
1,340945
2,342810
3,C514201
1,C514699
1,C507947
1,341381
1,C514719
1,C512703
3,C530767
3,342830
1,C507998
1,349270
1,342850
1,C530532
7,342880
3,342870
1,349320
1,4017840
1,C506824
2,C507248
3,1000785
1,342970
2,C528490
1,343100
1,C507956
7,343120
2,340416
1,E08413
1,C514207
1,C514782
1,C512788
1,C514696
1,342404
1,341359
2,E03025
1,C506859
2,340139
2,C525865
1,E06524
2,E01944
1,C526292
0,E03658
1,C511582
1,342423
3,C512634
1,E05843
1,E03662
3,344700
1,C530101
2,C511580
3,C526805
1,C524656
1,E08811
4,C508023
1,E06436
7,E01349
7,E01349
1,C515753
1,E00588
1,C528492
1,E04715
2,341177
2,E06566
2,E08428
1,341276
1,4013868
4,343840
2,060141
1,E04720
1,348175
1,4028727
2,C527570
1,E06525
1,340599
1,344130
1,344090
1,C512588
1,C512597
2,344150
1,E08458
1,344160
1,C528941
1,C527343
4,E06569
6,344290
3,C501075
0,344310
2,C517537
2,342444
2,E07803
1,C512792
1,750020
1,4029430
1,C527027
2,C522650
1,163490
2,C526790
1,4017556
1,E05446
1,770140
4,C505567
1,4007883
5,C526076
9,720220
1,C531864
1,C505603
2,E07202
1,C505633
2,C511888
1,E07204
2,E07663
15,065278
1,4025075
2,E07395
3,E07184
2,E06021
1,C520407
31,E07009
1,4006877
1,C513877
6,060933
1,065282
1,4017712
1,C521789
1,C507847
3,E00145
1,E05459
1,E07685
1,4007815
1,065288
1,C513939
1,162600
1,C528102
2,730180
2,C526584
1,C513940
2,760020
2,C524938
3,E07239
7,C508359
2,760090
1,4019654
1,C531867
1,C528696
1,E07016
2,740010
3,065281
1,C526752
1,E07203
1,C505632
1,4026113
1,C521794
3,C528099
1,C531069
4,C526081
2,C505527
1,C523520
2,C511930
4,C507828
1,C523523
2,4010472
1,C528479
1,470030
2,470040
2,470040
3,E07392
1,C513873
2,C528694
3,C525815
2,4029498
1,C507843
12,470070
1,E07015
1,E08741
0,1000495
1,E05457
1,E07198
2,C528103
4,470010
40,C519942
3,720280
1,4029511
4,720160
1,C511937
2,065280
1,E07199
1,4011709
1,C526161
1,C526581
1,4019601
1,C525912
5,720170
1,C505591
2,C507916
2,750010
8,720060
1,E08742
6,760010
4,560000
5,E05434
1,C524514
1,E07681
1,E07252
1,E07252
1,720180
1,E08744
33,720110
33,720110
1,720260
5,4010058
18,4007798
1,E06025
1,4018689
1,C527084
2,720290
2,720290
1,740040
2,C519533
4,C504355
2,C513949
1,4018210
2,4030603
1,E02743
1,340460
1,340436
1,C525857
2,340462
1,4027109
1,340444
0,4018839
23,340447
6,4027103
1,4024310
1,340429
1,C518646
1,4021117
1,4024195
1,C518614
1,4011469
4,4024299
2,C526607
2,C526618
1,360010
1,C522705
1,360015
1,359969
1,200100
3,200120
10,200070
3,360020
1,360016
